season_guid,season_name,competition_guid,competition_name,competition_date,competition_location,division_guid,division_name,round_guid,full_recap_url,performance_guid,band_name,city,state,score,rank
ff7a5f4b-b7dc-4cbc-ad0b-1295fdd971a8,UMEA 2025,bfdb1db5-e83c-4791-9a19-f292974bd66a,UMEA Red Rocks State Marching Band Championships,2025-11-07T00:00:00,"Utah Tech University Greater Zion Stadium (St George, UT)",c0d3f858-4ea4-4e32-8018-68f560c19136,2A,c0d3f858-4ea4-4e32-8018-68f560c19136,http://recaps.competitionsuite.com/c0d3f858-4ea4-4e32-8018-68f560c19136.htm,97ad96fd-276b-4c29-9c4d-aad10a7f9644,Tintic,,,52.475,1
ff7a5f4b-b7dc-4cbc-ad0b-1295fdd971a8,UMEA 2025,bfdb1db5-e83c-4791-9a19-f292974bd66a,UMEA Red Rocks State Marching Band Championships,2025-11-07T00:00:00,"Utah Tech University Greater Zion Stadium (St George, UT)",cca68378-f0d5-4edc-bc7e-8a2e957acb4a,3A,cca68378-f0d5-4edc-bc7e-8a2e957acb4a,http://recaps.competitionsuite.com/cca68378-f0d5-4edc-bc7e-8a2e957acb4a.htm,4f451eac-2d69-4b2b-ac42-98065b3f8683,Canyon View,,UT,67.05,1
ff7a5f4b-b7dc-4cbc-ad0b-1295fdd971a8,UMEA 2025,bfdb1db5-e83c-4791-9a19-f292974bd66a,UMEA Red Rocks State Marching Band Championships,2025-11-07T00:00:00,"Utah Tech University Greater Zion Stadium (St George, UT)",cca68378-f0d5-4edc-bc7e-8a2e957acb4a,3A,cca68378-f0d5-4edc-bc7e-8a2e957acb4a,http://recaps.competitionsuite.com/cca68378-f0d5-4edc-bc7e-8a2e957acb4a.htm,c14ccbe8-d686-46c0-aed3-312c60f90a12,Carbon,,UT,66.75,2
ff7a5f4b-b7dc-4cbc-ad0b-1295fdd971a8,UMEA 2025,bfdb1db5-e83c-4791-9a19-f292974bd66a,UMEA Red Rocks State Marching Band Championships,2025-11-07T00:00:00,"Utah Tech University Greater Zion Stadium (St George, UT)",cca68378-f0d5-4edc-bc7e-8a2e957acb4a,3A,cca68378-f0d5-4edc-bc7e-8a2e957acb4a,http://recaps.competitionsuite.com/cca68378-f0d5-4edc-bc7e-8a2e957acb4a.htm,35982b4e-abbc-49d8-8363-606b6b46c0df,Delta,,UT,63.838,3
ff7a5f4b-b7dc-4cbc-ad0b-1295fdd971a8,UMEA 2025,bfdb1db5-e83c-4791-9a19-f292974bd66a,UMEA Red Rocks State Marching Band Championships,2025-11-07T00:00:00,"Utah Tech University Greater Zion Stadium (St George, UT)",7890a8c3-393f-4399-92c9-20cba053e59c,4A Scholastic,7890a8c3-393f-4399-92c9-20cba053e59c,http://recaps.competitionsuite.com/7890a8c3-393f-4399-92c9-20cba053e59c.htm,526ffe6f-bb67-4cbe-a0a8-cce1ee37d5a4,Uintah,,UT,68.588,1
ff7a5f4b-b7dc-4cbc-ad0b-1295fdd971a8,UMEA 2025,bfdb1db5-e83c-4791-9a19-f292974bd66a,UMEA Red Rocks State Marching Band Championships,2025-11-07T00:00:00,"Utah Tech University Greater Zion Stadium (St George, UT)",7890a8c3-393f-4399-92c9-20cba053e59c,4A Scholastic,7890a8c3-393f-4399-92c9-20cba053e59c,http://recaps.competitionsuite.com/7890a8c3-393f-4399-92c9-20cba053e59c.htm,d73edf55-da9a-4764-925e-28255fca2daf,Timpanogos,,UT,64.063,2
ff7a5f4b-b7dc-4cbc-ad0b-1295fdd971a8,UMEA 2025,bfdb1db5-e83c-4791-9a19-f292974bd66a,UMEA Red Rocks State Marching Band Championships,2025-11-07T00:00:00,"Utah Tech University Greater Zion Stadium (St George, UT)",7890a8c3-393f-4399-92c9-20cba053e59c,4A Scholastic,7890a8c3-393f-4399-92c9-20cba053e59c,http://recaps.competitionsuite.com/7890a8c3-393f-4399-92c9-20cba053e59c.htm,9fe4d8a9-04d2-417e-86f4-5d81b32050e4,Stansbury,,UT,63.075,3
ff7a5f4b-b7dc-4cbc-ad0b-1295fdd971a8,UMEA 2025,bfdb1db5-e83c-4791-9a19-f292974bd66a,UMEA Red Rocks State Marching Band Championships,2025-11-07T00:00:00,"Utah Tech University Greater Zion Stadium (St George, UT)",7890a8c3-393f-4399-92c9-20cba053e59c,4A Scholastic,7890a8c3-393f-4399-92c9-20cba053e59c,http://recaps.competitionsuite.com/7890a8c3-393f-4399-92c9-20cba053e59c.htm,3737aa23-1d65-410f-83e0-43963f10af20,Deseret Peak,,,57.588,4
ff7a5f4b-b7dc-4cbc-ad0b-1295fdd971a8,UMEA 2025,bfdb1db5-e83c-4791-9a19-f292974bd66a,UMEA Red Rocks State Marching Band Championships,2025-11-07T00:00:00,"Utah Tech University Greater Zion Stadium (St George, UT)",42a494e7-f7bb-43d2-8b99-aedbc3fb8c55,4A Open,42a494e7-f7bb-43d2-8b99-aedbc3fb8c55,http://recaps.competitionsuite.com/42a494e7-f7bb-43d2-8b99-aedbc3fb8c55.htm,5de66a51-61cd-4a4c-a381-d2bde17a1075,Ogden,,UT,80.563,1
ff7a5f4b-b7dc-4cbc-ad0b-1295fdd971a8,UMEA 2025,bfdb1db5-e83c-4791-9a19-f292974bd66a,UMEA Red Rocks State Marching Band Championships,2025-11-07T00:00:00,"Utah Tech University Greater Zion Stadium (St George, UT)",42a494e7-f7bb-43d2-8b99-aedbc3fb8c55,4A Open,42a494e7-f7bb-43d2-8b99-aedbc3fb8c55,http://recaps.competitionsuite.com/42a494e7-f7bb-43d2-8b99-aedbc3fb8c55.htm,aeba83c4-e050-4b1a-8503-537160f54d92,Mountain Crest,,UT,77.075,2
ff7a5f4b-b7dc-4cbc-ad0b-1295fdd971a8,UMEA 2025,bfdb1db5-e83c-4791-9a19-f292974bd66a,UMEA Red Rocks State Marching Band Championships,2025-11-07T00:00:00,"Utah Tech University Greater Zion Stadium (St George, UT)",42a494e7-f7bb-43d2-8b99-aedbc3fb8c55,4A Open,42a494e7-f7bb-43d2-8b99-aedbc3fb8c55,http://recaps.competitionsuite.com/42a494e7-f7bb-43d2-8b99-aedbc3fb8c55.htm,e1b8ba67-4722-4e8e-9e5b-aff7b11b1bdf,Tooele,,UT,75.35,3
ff7a5f4b-b7dc-4cbc-ad0b-1295fdd971a8,UMEA 2025,bfdb1db5-e83c-4791-9a19-f292974bd66a,UMEA Red Rocks State Marching Band Championships,2025-11-07T00:00:00,"Utah Tech University Greater Zion Stadium (St George, UT)",42a494e7-f7bb-43d2-8b99-aedbc3fb8c55,4A Open,42a494e7-f7bb-43d2-8b99-aedbc3fb8c55,http://recaps.competitionsuite.com/42a494e7-f7bb-43d2-8b99-aedbc3fb8c55.htm,1b678aea-f7e5-43c6-bccd-7285979bdafa,Ridgeline,,UT,73.688,4
ff7a5f4b-b7dc-4cbc-ad0b-1295fdd971a8,UMEA 2025,bfdb1db5-e83c-4791-9a19-f292974bd66a,UMEA Red Rocks State Marching Band Championships,2025-11-07T00:00:00,"Utah Tech University Greater Zion Stadium (St George, UT)",42a494e7-f7bb-43d2-8b99-aedbc3fb8c55,4A Open,42a494e7-f7bb-43d2-8b99-aedbc3fb8c55,http://recaps.competitionsuite.com/42a494e7-f7bb-43d2-8b99-aedbc3fb8c55.htm,ab96f7ca-c06c-4da5-ace1-b0915b994d3c,Sky View,,UT,73.213,5
ff7a5f4b-b7dc-4cbc-ad0b-1295fdd971a8,UMEA 2025,bfdb1db5-e83c-4791-9a19-f292974bd66a,UMEA Red Rocks State Marching Band Championships,2025-11-07T00:00:00,"Utah Tech University Greater Zion Stadium (St George, UT)",42a494e7-f7bb-43d2-8b99-aedbc3fb8c55,4A Open,42a494e7-f7bb-43d2-8b99-aedbc3fb8c55,http://recaps.competitionsuite.com/42a494e7-f7bb-43d2-8b99-aedbc3fb8c55.htm,d9a18607-ceff-4b74-a7b4-5a311cbd1ec2,Provo,,UT,70.563,6
ff7a5f4b-b7dc-4cbc-ad0b-1295fdd971a8,UMEA 2025,bfdb1db5-e83c-4791-9a19-f292974bd66a,UMEA Red Rocks State Marching Band Championships,2025-11-07T00:00:00,"Utah Tech University Greater Zion Stadium (St George, UT)",8e60c1c8-d640-4baf-856e-98bb572c22fb,5A Scholastic,8e60c1c8-d640-4baf-856e-98bb572c22fb,http://recaps.competitionsuite.com/8e60c1c8-d640-4baf-856e-98bb572c22fb.htm,2aea16e0-ce29-4763-97f3-4e82749c1dbe,Pleasant Grove,,UT,80.425,1
ff7a5f4b-b7dc-4cbc-ad0b-1295fdd971a8,UMEA 2025,bfdb1db5-e83c-4791-9a19-f292974bd66a,UMEA Red Rocks State Marching Band Championships,2025-11-07T00:00:00,"Utah Tech University Greater Zion Stadium (St George, UT)",8e60c1c8-d640-4baf-856e-98bb572c22fb,5A Scholastic,8e60c1c8-d640-4baf-856e-98bb572c22fb,http://recaps.competitionsuite.com/8e60c1c8-d640-4baf-856e-98bb572c22fb.htm,4b59fc3a-a5a8-4277-b8cb-589e4134d215,Wasatch,Heber,UT,79.663,2
ff7a5f4b-b7dc-4cbc-ad0b-1295fdd971a8,UMEA 2025,bfdb1db5-e83c-4791-9a19-f292974bd66a,UMEA Red Rocks State Marching Band Championships,2025-11-07T00:00:00,"Utah Tech University Greater Zion Stadium (St George, UT)",8e60c1c8-d640-4baf-856e-98bb572c22fb,5A Scholastic,8e60c1c8-d640-4baf-856e-98bb572c22fb,http://recaps.competitionsuite.com/8e60c1c8-d640-4baf-856e-98bb572c22fb.htm,820f4835-0031-4061-8142-e0dbf67d84c3,Springville,,UT,75.625,3
ff7a5f4b-b7dc-4cbc-ad0b-1295fdd971a8,UMEA 2025,bfdb1db5-e83c-4791-9a19-f292974bd66a,UMEA Red Rocks State Marching Band Championships,2025-11-07T00:00:00,"Utah Tech University Greater Zion Stadium (St George, UT)",8e60c1c8-d640-4baf-856e-98bb572c22fb,5A Scholastic,8e60c1c8-d640-4baf-856e-98bb572c22fb,http://recaps.competitionsuite.com/8e60c1c8-d640-4baf-856e-98bb572c22fb.htm,35f560e5-7b54-4aff-a893-7cc5f37161bc,Clearfield,,,75.063,4
ff7a5f4b-b7dc-4cbc-ad0b-1295fdd971a8,UMEA 2025,bfdb1db5-e83c-4791-9a19-f292974bd66a,UMEA Red Rocks State Marching Band Championships,2025-11-07T00:00:00,"Utah Tech University Greater Zion Stadium (St George, UT)",8e60c1c8-d640-4baf-856e-98bb572c22fb,5A Scholastic,8e60c1c8-d640-4baf-856e-98bb572c22fb,http://recaps.competitionsuite.com/8e60c1c8-d640-4baf-856e-98bb572c22fb.htm,4d9e6754-3c45-4395-9ee8-eb64a4dcaf7a,Timpview,,UT,74.363,5
ff7a5f4b-b7dc-4cbc-ad0b-1295fdd971a8,UMEA 2025,bfdb1db5-e83c-4791-9a19-f292974bd66a,UMEA Red Rocks State Marching Band Championships,2025-11-07T00:00:00,"Utah Tech University Greater Zion Stadium (St George, UT)",8e60c1c8-d640-4baf-856e-98bb572c22fb,5A Scholastic,8e60c1c8-d640-4baf-856e-98bb572c22fb,http://recaps.competitionsuite.com/8e60c1c8-d640-4baf-856e-98bb572c22fb.htm,8248fa05-fd79-44b9-a98b-9d150ce1371b,Spanish Fork,,UT,68.613,6
ff7a5f4b-b7dc-4cbc-ad0b-1295fdd971a8,UMEA 2025,bfdb1db5-e83c-4791-9a19-f292974bd66a,UMEA Red Rocks State Marching Band Championships,2025-11-07T00:00:00,"Utah Tech University Greater Zion Stadium (St George, UT)",8e60c1c8-d640-4baf-856e-98bb572c22fb,5A Scholastic,8e60c1c8-d640-4baf-856e-98bb572c22fb,http://recaps.competitionsuite.com/8e60c1c8-d640-4baf-856e-98bb572c22fb.htm,f5e873db-668e-4130-8ff1-05fa83f27fd7,Hillcrest,,,68.238,7
ff7a5f4b-b7dc-4cbc-ad0b-1295fdd971a8,UMEA 2025,bfdb1db5-e83c-4791-9a19-f292974bd66a,UMEA Red Rocks State Marching Band Championships,2025-11-07T00:00:00,"Utah Tech University Greater Zion Stadium (St George, UT)",8e60c1c8-d640-4baf-856e-98bb572c22fb,5A Scholastic,8e60c1c8-d640-4baf-856e-98bb572c22fb,http://recaps.competitionsuite.com/8e60c1c8-d640-4baf-856e-98bb572c22fb.htm,00a5e620-ca93-444e-9c39-64ef9b1621bc,Payson,,UT,68.2,8
ff7a5f4b-b7dc-4cbc-ad0b-1295fdd971a8,UMEA 2025,bfdb1db5-e83c-4791-9a19-f292974bd66a,UMEA Red Rocks State Marching Band Championships,2025-11-07T00:00:00,"Utah Tech University Greater Zion Stadium (St George, UT)",8e60c1c8-d640-4baf-856e-98bb572c22fb,5A Scholastic,8e60c1c8-d640-4baf-856e-98bb572c22fb,http://recaps.competitionsuite.com/8e60c1c8-d640-4baf-856e-98bb572c22fb.htm,5dfad7d0-8608-47fa-bf52-69e43200ff51,Orem,,UT,66.388,9
ff7a5f4b-b7dc-4cbc-ad0b-1295fdd971a8,UMEA 2025,bfdb1db5-e83c-4791-9a19-f292974bd66a,UMEA Red Rocks State Marching Band Championships,2025-11-07T00:00:00,"Utah Tech University Greater Zion Stadium (St George, UT)",8e60c1c8-d640-4baf-856e-98bb572c22fb,5A Scholastic,8e60c1c8-d640-4baf-856e-98bb572c22fb,http://recaps.competitionsuite.com/8e60c1c8-d640-4baf-856e-98bb572c22fb.htm,5e1ac860-482c-4b22-b4c2-67f6bb7ea00c,West Jordan,,UT,61.363,10
ff7a5f4b-b7dc-4cbc-ad0b-1295fdd971a8,UMEA 2025,bfdb1db5-e83c-4791-9a19-f292974bd66a,UMEA Red Rocks State Marching Band Championships,2025-11-07T00:00:00,"Utah Tech University Greater Zion Stadium (St George, UT)",55c69303-5b47-4a47-a604-21713c0cbc23,5A Open,55c69303-5b47-4a47-a604-21713c0cbc23,http://recaps.competitionsuite.com/55c69303-5b47-4a47-a604-21713c0cbc23.htm,443008c9-1696-47e4-953d-c5a6f9f58f07,Green Canyon,,,88.1,1
ff7a5f4b-b7dc-4cbc-ad0b-1295fdd971a8,UMEA 2025,bfdb1db5-e83c-4791-9a19-f292974bd66a,UMEA Red Rocks State Marching Band Championships,2025-11-07T00:00:00,"Utah Tech University Greater Zion Stadium (St George, UT)",55c69303-5b47-4a47-a604-21713c0cbc23,5A Open,55c69303-5b47-4a47-a604-21713c0cbc23,http://recaps.competitionsuite.com/55c69303-5b47-4a47-a604-21713c0cbc23.htm,80d8480b-ee85-454e-af87-2d8638f905e3,Maple Mountain,,UT,85.763,2
ff7a5f4b-b7dc-4cbc-ad0b-1295fdd971a8,UMEA 2025,bfdb1db5-e83c-4791-9a19-f292974bd66a,UMEA Red Rocks State Marching Band Championships,2025-11-07T00:00:00,"Utah Tech University Greater Zion Stadium (St George, UT)",55c69303-5b47-4a47-a604-21713c0cbc23,5A Open,55c69303-5b47-4a47-a604-21713c0cbc23,http://recaps.competitionsuite.com/55c69303-5b47-4a47-a604-21713c0cbc23.htm,59ecb58f-07de-4cb6-8ad8-7fcda8a7de34,Alta,,UT,85.125,3
ff7a5f4b-b7dc-4cbc-ad0b-1295fdd971a8,UMEA 2025,bfdb1db5-e83c-4791-9a19-f292974bd66a,UMEA Red Rocks State Marching Band Championships,2025-11-07T00:00:00,"Utah Tech University Greater Zion Stadium (St George, UT)",55c69303-5b47-4a47-a604-21713c0cbc23,5A Open,55c69303-5b47-4a47-a604-21713c0cbc23,http://recaps.competitionsuite.com/55c69303-5b47-4a47-a604-21713c0cbc23.htm,d5f00b62-c344-4240-8faa-c6df2f0edca8,Salem Hills,,UT,78.425,4
ff7a5f4b-b7dc-4cbc-ad0b-1295fdd971a8,UMEA 2025,bfdb1db5-e83c-4791-9a19-f292974bd66a,UMEA Red Rocks State Marching Band Championships,2025-11-07T00:00:00,"Utah Tech University Greater Zion Stadium (St George, UT)",55c69303-5b47-4a47-a604-21713c0cbc23,5A Open,55c69303-5b47-4a47-a604-21713c0cbc23,http://recaps.competitionsuite.com/55c69303-5b47-4a47-a604-21713c0cbc23.htm,7a745983-a3a2-46fd-afd2-6134539d01b8,Viewmont,,UT,74.369,5
ff7a5f4b-b7dc-4cbc-ad0b-1295fdd971a8,UMEA 2025,bfdb1db5-e83c-4791-9a19-f292974bd66a,UMEA Red Rocks State Marching Band Championships,2025-11-07T00:00:00,"Utah Tech University Greater Zion Stadium (St George, UT)",f81c6be6-cc16-4ce0-bf68-8d63b2a27b94,6A Scholastic,f81c6be6-cc16-4ce0-bf68-8d63b2a27b94,http://recaps.competitionsuite.com/f81c6be6-cc16-4ce0-bf68-8d63b2a27b94.htm,a1b74b65-d462-4f6f-8497-e7927c93dfc0,Lone Peak,,UT,84.0,1
ff7a5f4b-b7dc-4cbc-ad0b-1295fdd971a8,UMEA 2025,bfdb1db5-e83c-4791-9a19-f292974bd66a,UMEA Red Rocks State Marching Band Championships,2025-11-07T00:00:00,"Utah Tech University Greater Zion Stadium (St George, UT)",f81c6be6-cc16-4ce0-bf68-8d63b2a27b94,6A Scholastic,f81c6be6-cc16-4ce0-bf68-8d63b2a27b94,http://recaps.competitionsuite.com/f81c6be6-cc16-4ce0-bf68-8d63b2a27b94.htm,becccc48-0d49-4eda-97cd-01e5545fd5f3,Bingham,,UT,83.625,2
ff7a5f4b-b7dc-4cbc-ad0b-1295fdd971a8,UMEA 2025,bfdb1db5-e83c-4791-9a19-f292974bd66a,UMEA Red Rocks State Marching Band Championships,2025-11-07T00:00:00,"Utah Tech University Greater Zion Stadium (St George, UT)",f81c6be6-cc16-4ce0-bf68-8d63b2a27b94,6A Scholastic,f81c6be6-cc16-4ce0-bf68-8d63b2a27b94,http://recaps.competitionsuite.com/f81c6be6-cc16-4ce0-bf68-8d63b2a27b94.htm,83faf57e-a7d2-43f1-8d60-a20c8f92adc7,Lehi,,UT,80.9,3
ff7a5f4b-b7dc-4cbc-ad0b-1295fdd971a8,UMEA 2025,bfdb1db5-e83c-4791-9a19-f292974bd66a,UMEA Red Rocks State Marching Band Championships,2025-11-07T00:00:00,"Utah Tech University Greater Zion Stadium (St George, UT)",f81c6be6-cc16-4ce0-bf68-8d63b2a27b94,6A Scholastic,f81c6be6-cc16-4ce0-bf68-8d63b2a27b94,http://recaps.competitionsuite.com/f81c6be6-cc16-4ce0-bf68-8d63b2a27b94.htm,da3556b7-f6d7-46a7-8c40-21ef49d9c56c,Riverton,,UT,80.313,4
ff7a5f4b-b7dc-4cbc-ad0b-1295fdd971a8,UMEA 2025,bfdb1db5-e83c-4791-9a19-f292974bd66a,UMEA Red Rocks State Marching Band Championships,2025-11-07T00:00:00,"Utah Tech University Greater Zion Stadium (St George, UT)",f81c6be6-cc16-4ce0-bf68-8d63b2a27b94,6A Scholastic,f81c6be6-cc16-4ce0-bf68-8d63b2a27b94,http://recaps.competitionsuite.com/f81c6be6-cc16-4ce0-bf68-8d63b2a27b94.htm,cf21d2c1-1d54-49a8-940b-1f13f120c1dd,Brighton,,,76.575,5
ff7a5f4b-b7dc-4cbc-ad0b-1295fdd971a8,UMEA 2025,bfdb1db5-e83c-4791-9a19-f292974bd66a,UMEA Red Rocks State Marching Band Championships,2025-11-07T00:00:00,"Utah Tech University Greater Zion Stadium (St George, UT)",f81c6be6-cc16-4ce0-bf68-8d63b2a27b94,6A Scholastic,f81c6be6-cc16-4ce0-bf68-8d63b2a27b94,http://recaps.competitionsuite.com/f81c6be6-cc16-4ce0-bf68-8d63b2a27b94.htm,d39e76fb-f876-44b3-98ff-de6a9d4b40cc,Mountain Star,,,75.188,6
ff7a5f4b-b7dc-4cbc-ad0b-1295fdd971a8,UMEA 2025,bfdb1db5-e83c-4791-9a19-f292974bd66a,UMEA Red Rocks State Marching Band Championships,2025-11-07T00:00:00,"Utah Tech University Greater Zion Stadium (St George, UT)",f81c6be6-cc16-4ce0-bf68-8d63b2a27b94,6A Scholastic,f81c6be6-cc16-4ce0-bf68-8d63b2a27b94,http://recaps.competitionsuite.com/f81c6be6-cc16-4ce0-bf68-8d63b2a27b94.htm,39406ac7-6c31-49da-b7be-724144b5cd13,Mountain Ridge,,,74.275,7
ff7a5f4b-b7dc-4cbc-ad0b-1295fdd971a8,UMEA 2025,bfdb1db5-e83c-4791-9a19-f292974bd66a,UMEA Red Rocks State Marching Band Championships,2025-11-07T00:00:00,"Utah Tech University Greater Zion Stadium (St George, UT)",f81c6be6-cc16-4ce0-bf68-8d63b2a27b94,6A Scholastic,f81c6be6-cc16-4ce0-bf68-8d63b2a27b94,http://recaps.competitionsuite.com/f81c6be6-cc16-4ce0-bf68-8d63b2a27b94.htm,924d707e-0bd3-4112-aa31-75b9e2f446fa,Copper Hills,,UT,72.6,8
ff7a5f4b-b7dc-4cbc-ad0b-1295fdd971a8,UMEA 2025,bfdb1db5-e83c-4791-9a19-f292974bd66a,UMEA Red Rocks State Marching Band Championships,2025-11-07T00:00:00,"Utah Tech University Greater Zion Stadium (St George, UT)",7cbfcf0b-f12e-4744-833d-8b9b69237b67,6A Open,7cbfcf0b-f12e-4744-833d-8b9b69237b67,http://recaps.competitionsuite.com/7cbfcf0b-f12e-4744-833d-8b9b69237b67.htm,438b9c9a-3e1c-4c77-b65f-8f4ecb02e1a6,American Fork,,UT,92.588,1
ff7a5f4b-b7dc-4cbc-ad0b-1295fdd971a8,UMEA 2025,bfdb1db5-e83c-4791-9a19-f292974bd66a,UMEA Red Rocks State Marching Band Championships,2025-11-07T00:00:00,"Utah Tech University Greater Zion Stadium (St George, UT)",7cbfcf0b-f12e-4744-833d-8b9b69237b67,6A Open,7cbfcf0b-f12e-4744-833d-8b9b69237b67,http://recaps.competitionsuite.com/7cbfcf0b-f12e-4744-833d-8b9b69237b67.htm,83dd7900-7cad-4e58-bcbd-57c68e429cb9,Cedar Valley,,,90.038,2
ff7a5f4b-b7dc-4cbc-ad0b-1295fdd971a8,UMEA 2025,bfdb1db5-e83c-4791-9a19-f292974bd66a,UMEA Red Rocks State Marching Band Championships,2025-11-07T00:00:00,"Utah Tech University Greater Zion Stadium (St George, UT)",7cbfcf0b-f12e-4744-833d-8b9b69237b67,6A Open,7cbfcf0b-f12e-4744-833d-8b9b69237b67,http://recaps.competitionsuite.com/7cbfcf0b-f12e-4744-833d-8b9b69237b67.htm,24aa9914-7612-4e53-874e-f3b4f037dfa8,Westlake,,UT,88.506,3
ff7a5f4b-b7dc-4cbc-ad0b-1295fdd971a8,UMEA 2025,bfdb1db5-e83c-4791-9a19-f292974bd66a,UMEA Red Rocks State Marching Band Championships,2025-11-07T00:00:00,"Utah Tech University Greater Zion Stadium (St George, UT)",7cbfcf0b-f12e-4744-833d-8b9b69237b67,6A Open,7cbfcf0b-f12e-4744-833d-8b9b69237b67,http://recaps.competitionsuite.com/7cbfcf0b-f12e-4744-833d-8b9b69237b67.htm,49af3fff-ae73-44ee-ba8b-bce82bd06413,Davis,,UT,86.8,4
ff7a5f4b-b7dc-4cbc-ad0b-1295fdd971a8,UMEA 2025,bfdb1db5-e83c-4791-9a19-f292974bd66a,UMEA Red Rocks State Marching Band Championships,2025-11-07T00:00:00,"Utah Tech University Greater Zion Stadium (St George, UT)",7cbfcf0b-f12e-4744-833d-8b9b69237b67,6A Open,7cbfcf0b-f12e-4744-833d-8b9b69237b67,http://recaps.competitionsuite.com/7cbfcf0b-f12e-4744-833d-8b9b69237b67.htm,2a24c771-bae0-4ee9-9eb3-25d4083e1272,Skyridge,,UT,86.175,5
ff7a5f4b-b7dc-4cbc-ad0b-1295fdd971a8,UMEA 2025,bfdb1db5-e83c-4791-9a19-f292974bd66a,UMEA Red Rocks State Marching Band Championships,2025-11-07T00:00:00,"Utah Tech University Greater Zion Stadium (St George, UT)",7cbfcf0b-f12e-4744-833d-8b9b69237b67,6A Open,7cbfcf0b-f12e-4744-833d-8b9b69237b67,http://recaps.competitionsuite.com/7cbfcf0b-f12e-4744-833d-8b9b69237b67.htm,1b40bb86-c87f-4e46-b57a-2bc3980b9858,Herriman,,UT,84.231,6
ff7a5f4b-b7dc-4cbc-ad0b-1295fdd971a8,UMEA 2025,bfdb1db5-e83c-4791-9a19-f292974bd66a,UMEA Red Rocks State Marching Band Championships,2025-11-07T00:00:00,"Utah Tech University Greater Zion Stadium (St George, UT)",7cbfcf0b-f12e-4744-833d-8b9b69237b67,6A Open,7cbfcf0b-f12e-4744-833d-8b9b69237b67,http://recaps.competitionsuite.com/7cbfcf0b-f12e-4744-833d-8b9b69237b67.htm,2b81f730-a30a-488b-9466-53abd6dc8800,Farmington,,,84.206,7
ff7a5f4b-b7dc-4cbc-ad0b-1295fdd971a8,UMEA 2025,4ff4dfe4-a25c-4a88-bd57-89255eb63f00,Davis Cup Invitational,2025-11-01T00:00:00,"Davis High School (Kaysville, UT)",a6b36d17-ae92-4ed1-a8f6-64d2acedca32,4A Scholastic,a6b36d17-ae92-4ed1-a8f6-64d2acedca32,http://recaps.competitionsuite.com/a6b36d17-ae92-4ed1-a8f6-64d2acedca32.htm,30f6204d-1267-4a71-a264-2ea43752a56b,Uintah,,UT,71.875,1
ff7a5f4b-b7dc-4cbc-ad0b-1295fdd971a8,UMEA 2025,4ff4dfe4-a25c-4a88-bd57-89255eb63f00,Davis Cup Invitational,2025-11-01T00:00:00,"Davis High School (Kaysville, UT)",a6b36d17-ae92-4ed1-a8f6-64d2acedca32,4A Scholastic,a6b36d17-ae92-4ed1-a8f6-64d2acedca32,http://recaps.competitionsuite.com/a6b36d17-ae92-4ed1-a8f6-64d2acedca32.htm,fec0d75a-6b4c-424f-8cbf-e96e9e75db96,Deseret Peak,,,59.263,2
ff7a5f4b-b7dc-4cbc-ad0b-1295fdd971a8,UMEA 2025,4ff4dfe4-a25c-4a88-bd57-89255eb63f00,Davis Cup Invitational,2025-11-01T00:00:00,"Davis High School (Kaysville, UT)",16690359-1492-41ce-b224-90a506c357c8,4A Open,16690359-1492-41ce-b224-90a506c357c8,http://recaps.competitionsuite.com/16690359-1492-41ce-b224-90a506c357c8.htm,e7c3ac00-49e1-4997-b45c-ece7683b94d3,Ogden,,UT,84.763,1
ff7a5f4b-b7dc-4cbc-ad0b-1295fdd971a8,UMEA 2025,4ff4dfe4-a25c-4a88-bd57-89255eb63f00,Davis Cup Invitational,2025-11-01T00:00:00,"Davis High School (Kaysville, UT)",16690359-1492-41ce-b224-90a506c357c8,4A Open,16690359-1492-41ce-b224-90a506c357c8,http://recaps.competitionsuite.com/16690359-1492-41ce-b224-90a506c357c8.htm,f1c6716e-df6b-4177-bdc8-b65cc14af681,Mountain Crest,,UT,81.575,2
ff7a5f4b-b7dc-4cbc-ad0b-1295fdd971a8,UMEA 2025,4ff4dfe4-a25c-4a88-bd57-89255eb63f00,Davis Cup Invitational,2025-11-01T00:00:00,"Davis High School (Kaysville, UT)",16690359-1492-41ce-b224-90a506c357c8,4A Open,16690359-1492-41ce-b224-90a506c357c8,http://recaps.competitionsuite.com/16690359-1492-41ce-b224-90a506c357c8.htm,92fda88f-5e3a-44a0-a5e8-d62a661f8f1c,Tooele,,UT,76.575,3
ff7a5f4b-b7dc-4cbc-ad0b-1295fdd971a8,UMEA 2025,4ff4dfe4-a25c-4a88-bd57-89255eb63f00,Davis Cup Invitational,2025-11-01T00:00:00,"Davis High School (Kaysville, UT)",16690359-1492-41ce-b224-90a506c357c8,4A Open,16690359-1492-41ce-b224-90a506c357c8,http://recaps.competitionsuite.com/16690359-1492-41ce-b224-90a506c357c8.htm,51ead8ee-c8f9-463a-aaed-40a4dfd816d8,Provo,,UT,75.525,4
ff7a5f4b-b7dc-4cbc-ad0b-1295fdd971a8,UMEA 2025,4ff4dfe4-a25c-4a88-bd57-89255eb63f00,Davis Cup Invitational,2025-11-01T00:00:00,"Davis High School (Kaysville, UT)",16690359-1492-41ce-b224-90a506c357c8,4A Open,16690359-1492-41ce-b224-90a506c357c8,http://recaps.competitionsuite.com/16690359-1492-41ce-b224-90a506c357c8.htm,e025e9df-2fd5-4f6f-baa7-06aab39e03e4,Ridgeline,,UT,74.125,5
ff7a5f4b-b7dc-4cbc-ad0b-1295fdd971a8,UMEA 2025,4ff4dfe4-a25c-4a88-bd57-89255eb63f00,Davis Cup Invitational,2025-11-01T00:00:00,"Davis High School (Kaysville, UT)",16690359-1492-41ce-b224-90a506c357c8,4A Open,16690359-1492-41ce-b224-90a506c357c8,http://recaps.competitionsuite.com/16690359-1492-41ce-b224-90a506c357c8.htm,87ef647b-bb74-4a1b-8c63-b3946dabe6b3,Sky View,,UT,72.0,6
ff7a5f4b-b7dc-4cbc-ad0b-1295fdd971a8,UMEA 2025,4ff4dfe4-a25c-4a88-bd57-89255eb63f00,Davis Cup Invitational,2025-11-01T00:00:00,"Davis High School (Kaysville, UT)",c3118019-f9ea-45cf-bb08-6c9f306a6396,2A,c3118019-f9ea-45cf-bb08-6c9f306a6396,http://recaps.competitionsuite.com/c3118019-f9ea-45cf-bb08-6c9f306a6396.htm,fb57273b-28fb-41d4-a9f1-fa1d11bfbcd1,Tintic,,,52.613,1
ff7a5f4b-b7dc-4cbc-ad0b-1295fdd971a8,UMEA 2025,4ff4dfe4-a25c-4a88-bd57-89255eb63f00,Davis Cup Invitational,2025-11-01T00:00:00,"Davis High School (Kaysville, UT)",ca9efd2a-a18d-4f00-a9fe-a4575503be00,5A Scholastic,ca9efd2a-a18d-4f00-a9fe-a4575503be00,http://recaps.competitionsuite.com/ca9efd2a-a18d-4f00-a9fe-a4575503be00.htm,b00c45cb-acb1-4c5a-81f6-9df9cf6ad9b4,Pleasant Grove,,UT,82.738,1
ff7a5f4b-b7dc-4cbc-ad0b-1295fdd971a8,UMEA 2025,4ff4dfe4-a25c-4a88-bd57-89255eb63f00,Davis Cup Invitational,2025-11-01T00:00:00,"Davis High School (Kaysville, UT)",ca9efd2a-a18d-4f00-a9fe-a4575503be00,5A Scholastic,ca9efd2a-a18d-4f00-a9fe-a4575503be00,http://recaps.competitionsuite.com/ca9efd2a-a18d-4f00-a9fe-a4575503be00.htm,2046d763-a03e-4914-85e0-864620977afc,Wasatch,Heber,UT,80.588,2
ff7a5f4b-b7dc-4cbc-ad0b-1295fdd971a8,UMEA 2025,4ff4dfe4-a25c-4a88-bd57-89255eb63f00,Davis Cup Invitational,2025-11-01T00:00:00,"Davis High School (Kaysville, UT)",ca9efd2a-a18d-4f00-a9fe-a4575503be00,5A Scholastic,ca9efd2a-a18d-4f00-a9fe-a4575503be00,http://recaps.competitionsuite.com/ca9efd2a-a18d-4f00-a9fe-a4575503be00.htm,c6053f75-bb52-4a2d-a519-11d0407d352c,Timpview,,UT,73.775,3
ff7a5f4b-b7dc-4cbc-ad0b-1295fdd971a8,UMEA 2025,4ff4dfe4-a25c-4a88-bd57-89255eb63f00,Davis Cup Invitational,2025-11-01T00:00:00,"Davis High School (Kaysville, UT)",ca9efd2a-a18d-4f00-a9fe-a4575503be00,5A Scholastic,ca9efd2a-a18d-4f00-a9fe-a4575503be00,http://recaps.competitionsuite.com/ca9efd2a-a18d-4f00-a9fe-a4575503be00.htm,46a725f7-5b21-476f-b91f-d14d34cff01e,Clearfield,,,73.538,4
ff7a5f4b-b7dc-4cbc-ad0b-1295fdd971a8,UMEA 2025,4ff4dfe4-a25c-4a88-bd57-89255eb63f00,Davis Cup Invitational,2025-11-01T00:00:00,"Davis High School (Kaysville, UT)",ca9efd2a-a18d-4f00-a9fe-a4575503be00,5A Scholastic,ca9efd2a-a18d-4f00-a9fe-a4575503be00,http://recaps.competitionsuite.com/ca9efd2a-a18d-4f00-a9fe-a4575503be00.htm,706c6fe9-9aa5-499d-bb34-a82817bc1a8e,Springville,,UT,72.75,5
ff7a5f4b-b7dc-4cbc-ad0b-1295fdd971a8,UMEA 2025,4ff4dfe4-a25c-4a88-bd57-89255eb63f00,Davis Cup Invitational,2025-11-01T00:00:00,"Davis High School (Kaysville, UT)",ca9efd2a-a18d-4f00-a9fe-a4575503be00,5A Scholastic,ca9efd2a-a18d-4f00-a9fe-a4575503be00,http://recaps.competitionsuite.com/ca9efd2a-a18d-4f00-a9fe-a4575503be00.htm,b2743a69-3253-40ba-a8bd-8e69b95da9da,Payson,,UT,71.863,6
ff7a5f4b-b7dc-4cbc-ad0b-1295fdd971a8,UMEA 2025,4ff4dfe4-a25c-4a88-bd57-89255eb63f00,Davis Cup Invitational,2025-11-01T00:00:00,"Davis High School (Kaysville, UT)",ca9efd2a-a18d-4f00-a9fe-a4575503be00,5A Scholastic,ca9efd2a-a18d-4f00-a9fe-a4575503be00,http://recaps.competitionsuite.com/ca9efd2a-a18d-4f00-a9fe-a4575503be00.htm,c84c3540-3e06-4781-b36e-d71665547430,Hillcrest,,,70.55,7
ff7a5f4b-b7dc-4cbc-ad0b-1295fdd971a8,UMEA 2025,4ff4dfe4-a25c-4a88-bd57-89255eb63f00,Davis Cup Invitational,2025-11-01T00:00:00,"Davis High School (Kaysville, UT)",ca9efd2a-a18d-4f00-a9fe-a4575503be00,5A Scholastic,ca9efd2a-a18d-4f00-a9fe-a4575503be00,http://recaps.competitionsuite.com/ca9efd2a-a18d-4f00-a9fe-a4575503be00.htm,85a4453a-0b91-4b6c-9f21-c2d5a02c6c9e,Spanish Fork,,UT,70.425,8
ff7a5f4b-b7dc-4cbc-ad0b-1295fdd971a8,UMEA 2025,4ff4dfe4-a25c-4a88-bd57-89255eb63f00,Davis Cup Invitational,2025-11-01T00:00:00,"Davis High School (Kaysville, UT)",ca9efd2a-a18d-4f00-a9fe-a4575503be00,5A Scholastic,ca9efd2a-a18d-4f00-a9fe-a4575503be00,http://recaps.competitionsuite.com/ca9efd2a-a18d-4f00-a9fe-a4575503be00.htm,1284ae77-6a8e-4ca3-8b9e-552e85c2c503,West Jordan,,UT,64.412,9
ff7a5f4b-b7dc-4cbc-ad0b-1295fdd971a8,UMEA 2025,4ff4dfe4-a25c-4a88-bd57-89255eb63f00,Davis Cup Invitational,2025-11-01T00:00:00,"Davis High School (Kaysville, UT)",005b6bd8-7bd2-43f5-adc0-e87bd2dd4639,5A Open,005b6bd8-7bd2-43f5-adc0-e87bd2dd4639,http://recaps.competitionsuite.com/005b6bd8-7bd2-43f5-adc0-e87bd2dd4639.htm,3312c14e-a591-4849-a316-c2757ff24964,Green Canyon,,,91.65,1
ff7a5f4b-b7dc-4cbc-ad0b-1295fdd971a8,UMEA 2025,4ff4dfe4-a25c-4a88-bd57-89255eb63f00,Davis Cup Invitational,2025-11-01T00:00:00,"Davis High School (Kaysville, UT)",005b6bd8-7bd2-43f5-adc0-e87bd2dd4639,5A Open,005b6bd8-7bd2-43f5-adc0-e87bd2dd4639,http://recaps.competitionsuite.com/005b6bd8-7bd2-43f5-adc0-e87bd2dd4639.htm,e6e87e61-1c3a-44e1-a7a5-31038fb5f5e2,Maple Mountain,,UT,87.975,2
ff7a5f4b-b7dc-4cbc-ad0b-1295fdd971a8,UMEA 2025,4ff4dfe4-a25c-4a88-bd57-89255eb63f00,Davis Cup Invitational,2025-11-01T00:00:00,"Davis High School (Kaysville, UT)",005b6bd8-7bd2-43f5-adc0-e87bd2dd4639,5A Open,005b6bd8-7bd2-43f5-adc0-e87bd2dd4639,http://recaps.competitionsuite.com/005b6bd8-7bd2-43f5-adc0-e87bd2dd4639.htm,6c78a992-d9aa-4218-8467-96a382ce75dc,Alta,,UT,87.813,3
ff7a5f4b-b7dc-4cbc-ad0b-1295fdd971a8,UMEA 2025,4ff4dfe4-a25c-4a88-bd57-89255eb63f00,Davis Cup Invitational,2025-11-01T00:00:00,"Davis High School (Kaysville, UT)",005b6bd8-7bd2-43f5-adc0-e87bd2dd4639,5A Open,005b6bd8-7bd2-43f5-adc0-e87bd2dd4639,http://recaps.competitionsuite.com/005b6bd8-7bd2-43f5-adc0-e87bd2dd4639.htm,43770af6-1545-438c-9576-0eb996b5713c,Salem Hills,,UT,79.238,4
ff7a5f4b-b7dc-4cbc-ad0b-1295fdd971a8,UMEA 2025,4ff4dfe4-a25c-4a88-bd57-89255eb63f00,Davis Cup Invitational,2025-11-01T00:00:00,"Davis High School (Kaysville, UT)",005b6bd8-7bd2-43f5-adc0-e87bd2dd4639,5A Open,005b6bd8-7bd2-43f5-adc0-e87bd2dd4639,http://recaps.competitionsuite.com/005b6bd8-7bd2-43f5-adc0-e87bd2dd4639.htm,9aab9485-c551-46ab-90e5-6ade90f017de,Viewmont,,UT,74.6,5
ff7a5f4b-b7dc-4cbc-ad0b-1295fdd971a8,UMEA 2025,4ff4dfe4-a25c-4a88-bd57-89255eb63f00,Davis Cup Invitational,2025-11-01T00:00:00,"Davis High School (Kaysville, UT)",2355d461-5df0-4db6-ae94-91262eab6c97,6A Scholastic,2355d461-5df0-4db6-ae94-91262eab6c97,http://recaps.competitionsuite.com/2355d461-5df0-4db6-ae94-91262eab6c97.htm,244ec640-513f-481c-bd4f-3f2cf0114ec3,Lehi,,UT,83.688,1
ff7a5f4b-b7dc-4cbc-ad0b-1295fdd971a8,UMEA 2025,4ff4dfe4-a25c-4a88-bd57-89255eb63f00,Davis Cup Invitational,2025-11-01T00:00:00,"Davis High School (Kaysville, UT)",2355d461-5df0-4db6-ae94-91262eab6c97,6A Scholastic,2355d461-5df0-4db6-ae94-91262eab6c97,http://recaps.competitionsuite.com/2355d461-5df0-4db6-ae94-91262eab6c97.htm,4ca2b346-14d4-4fa4-b1a6-c0899cccdf62,Lone Peak,,UT,83.475,2
ff7a5f4b-b7dc-4cbc-ad0b-1295fdd971a8,UMEA 2025,4ff4dfe4-a25c-4a88-bd57-89255eb63f00,Davis Cup Invitational,2025-11-01T00:00:00,"Davis High School (Kaysville, UT)",2355d461-5df0-4db6-ae94-91262eab6c97,6A Scholastic,2355d461-5df0-4db6-ae94-91262eab6c97,http://recaps.competitionsuite.com/2355d461-5df0-4db6-ae94-91262eab6c97.htm,f7c4a9c1-ab89-40fa-b461-646133dcef72,Bingham,,UT,83.363,3
ff7a5f4b-b7dc-4cbc-ad0b-1295fdd971a8,UMEA 2025,4ff4dfe4-a25c-4a88-bd57-89255eb63f00,Davis Cup Invitational,2025-11-01T00:00:00,"Davis High School (Kaysville, UT)",2355d461-5df0-4db6-ae94-91262eab6c97,6A Scholastic,2355d461-5df0-4db6-ae94-91262eab6c97,http://recaps.competitionsuite.com/2355d461-5df0-4db6-ae94-91262eab6c97.htm,b4d5f1c0-d784-468d-988d-f43663310d8c,Riverton,,UT,82.113,4
ff7a5f4b-b7dc-4cbc-ad0b-1295fdd971a8,UMEA 2025,4ff4dfe4-a25c-4a88-bd57-89255eb63f00,Davis Cup Invitational,2025-11-01T00:00:00,"Davis High School (Kaysville, UT)",2355d461-5df0-4db6-ae94-91262eab6c97,6A Scholastic,2355d461-5df0-4db6-ae94-91262eab6c97,http://recaps.competitionsuite.com/2355d461-5df0-4db6-ae94-91262eab6c97.htm,d7fcb85c-d149-4351-a073-8f630ed54f87,Brighton,,,76.613,5
ff7a5f4b-b7dc-4cbc-ad0b-1295fdd971a8,UMEA 2025,4ff4dfe4-a25c-4a88-bd57-89255eb63f00,Davis Cup Invitational,2025-11-01T00:00:00,"Davis High School (Kaysville, UT)",2355d461-5df0-4db6-ae94-91262eab6c97,6A Scholastic,2355d461-5df0-4db6-ae94-91262eab6c97,http://recaps.competitionsuite.com/2355d461-5df0-4db6-ae94-91262eab6c97.htm,9a554099-0d82-4723-b09a-3ac9595bced9,Mountain Ridge,,,75.888,6
ff7a5f4b-b7dc-4cbc-ad0b-1295fdd971a8,UMEA 2025,4ff4dfe4-a25c-4a88-bd57-89255eb63f00,Davis Cup Invitational,2025-11-01T00:00:00,"Davis High School (Kaysville, UT)",2355d461-5df0-4db6-ae94-91262eab6c97,6A Scholastic,2355d461-5df0-4db6-ae94-91262eab6c97,http://recaps.competitionsuite.com/2355d461-5df0-4db6-ae94-91262eab6c97.htm,c9fe2728-e5e7-499f-95fe-6c5d1abd5f6e,Mountain Star,,,73.113,7
ff7a5f4b-b7dc-4cbc-ad0b-1295fdd971a8,UMEA 2025,4ff4dfe4-a25c-4a88-bd57-89255eb63f00,Davis Cup Invitational,2025-11-01T00:00:00,"Davis High School (Kaysville, UT)",2355d461-5df0-4db6-ae94-91262eab6c97,6A Scholastic,2355d461-5df0-4db6-ae94-91262eab6c97,http://recaps.competitionsuite.com/2355d461-5df0-4db6-ae94-91262eab6c97.htm,759754f8-b918-4c48-b23d-ab79c3f0372e,Copper Hills,,UT,72.038,8
ff7a5f4b-b7dc-4cbc-ad0b-1295fdd971a8,UMEA 2025,4ff4dfe4-a25c-4a88-bd57-89255eb63f00,Davis Cup Invitational,2025-11-01T00:00:00,"Davis High School (Kaysville, UT)",9f95a849-198b-4ee3-b109-4817fcbe6d85,6A Open,9f95a849-198b-4ee3-b109-4817fcbe6d85,http://recaps.competitionsuite.com/9f95a849-198b-4ee3-b109-4817fcbe6d85.htm,5e9cfa11-a366-44ba-928d-8fbafd2ea94e,Skyridge,,UT,91.613,1
ff7a5f4b-b7dc-4cbc-ad0b-1295fdd971a8,UMEA 2025,4ff4dfe4-a25c-4a88-bd57-89255eb63f00,Davis Cup Invitational,2025-11-01T00:00:00,"Davis High School (Kaysville, UT)",9f95a849-198b-4ee3-b109-4817fcbe6d85,6A Open,9f95a849-198b-4ee3-b109-4817fcbe6d85,http://recaps.competitionsuite.com/9f95a849-198b-4ee3-b109-4817fcbe6d85.htm,025e6090-0b43-446b-a2c1-2f55e24ee7c1,Davis,,UT,90.225,2
ff7a5f4b-b7dc-4cbc-ad0b-1295fdd971a8,UMEA 2025,4ff4dfe4-a25c-4a88-bd57-89255eb63f00,Davis Cup Invitational,2025-11-01T00:00:00,"Davis High School (Kaysville, UT)",9f95a849-198b-4ee3-b109-4817fcbe6d85,6A Open,9f95a849-198b-4ee3-b109-4817fcbe6d85,http://recaps.competitionsuite.com/9f95a849-198b-4ee3-b109-4817fcbe6d85.htm,952336c9-ee81-4048-b844-5f000ab48ecf,Herriman,,UT,90.2,3
ff7a5f4b-b7dc-4cbc-ad0b-1295fdd971a8,UMEA 2025,4ff4dfe4-a25c-4a88-bd57-89255eb63f00,Davis Cup Invitational,2025-11-01T00:00:00,"Davis High School (Kaysville, UT)",9f95a849-198b-4ee3-b109-4817fcbe6d85,6A Open,9f95a849-198b-4ee3-b109-4817fcbe6d85,http://recaps.competitionsuite.com/9f95a849-198b-4ee3-b109-4817fcbe6d85.htm,8cfce674-4f95-424a-8411-d37beb44eefd,Cedar Valley,,,89.8,4
ff7a5f4b-b7dc-4cbc-ad0b-1295fdd971a8,UMEA 2025,4ff4dfe4-a25c-4a88-bd57-89255eb63f00,Davis Cup Invitational,2025-11-01T00:00:00,"Davis High School (Kaysville, UT)",9f95a849-198b-4ee3-b109-4817fcbe6d85,6A Open,9f95a849-198b-4ee3-b109-4817fcbe6d85,http://recaps.competitionsuite.com/9f95a849-198b-4ee3-b109-4817fcbe6d85.htm,f2aadb1a-d47c-48e9-bbc6-1ae70dc00905,Westlake,,UT,88.294,5
ff7a5f4b-b7dc-4cbc-ad0b-1295fdd971a8,UMEA 2025,4ff4dfe4-a25c-4a88-bd57-89255eb63f00,Davis Cup Invitational,2025-11-01T00:00:00,"Davis High School (Kaysville, UT)",9f95a849-198b-4ee3-b109-4817fcbe6d85,6A Open,9f95a849-198b-4ee3-b109-4817fcbe6d85,http://recaps.competitionsuite.com/9f95a849-198b-4ee3-b109-4817fcbe6d85.htm,250a53a9-4a71-4be6-86af-f0dfa26aad2c,Farmington,,,87.269,6
ff7a5f4b-b7dc-4cbc-ad0b-1295fdd971a8,UMEA 2025,8deba44e-71f7-4750-a8a0-3b6f8f5624c2,Mt. Timpanogos Invitational,2025-10-25T00:00:00,"American Fork High School (American Fork, UT)",e59936f3-1499-46bc-b398-7385c1079e5b,3A,e59936f3-1499-46bc-b398-7385c1079e5b,http://recaps.competitionsuite.com/e59936f3-1499-46bc-b398-7385c1079e5b.htm,3b696de4-097e-4c76-8548-fbbf79cbdbf0,Elko,,,72.15,1
ff7a5f4b-b7dc-4cbc-ad0b-1295fdd971a8,UMEA 2025,8deba44e-71f7-4750-a8a0-3b6f8f5624c2,Mt. Timpanogos Invitational,2025-10-25T00:00:00,"American Fork High School (American Fork, UT)",e59936f3-1499-46bc-b398-7385c1079e5b,3A,e59936f3-1499-46bc-b398-7385c1079e5b,http://recaps.competitionsuite.com/e59936f3-1499-46bc-b398-7385c1079e5b.htm,f7c33485-a54f-48da-9b24-6871c9a3913b,Delta,,UT,69.888,2
ff7a5f4b-b7dc-4cbc-ad0b-1295fdd971a8,UMEA 2025,8deba44e-71f7-4750-a8a0-3b6f8f5624c2,Mt. Timpanogos Invitational,2025-10-25T00:00:00,"American Fork High School (American Fork, UT)",e59936f3-1499-46bc-b398-7385c1079e5b,3A,e59936f3-1499-46bc-b398-7385c1079e5b,http://recaps.competitionsuite.com/e59936f3-1499-46bc-b398-7385c1079e5b.htm,fb96ac3f-5c43-4a0d-ac0d-f4fcdd9d24c2,Carbon,,UT,68.638,3
ff7a5f4b-b7dc-4cbc-ad0b-1295fdd971a8,UMEA 2025,8deba44e-71f7-4750-a8a0-3b6f8f5624c2,Mt. Timpanogos Invitational,2025-10-25T00:00:00,"American Fork High School (American Fork, UT)",e59936f3-1499-46bc-b398-7385c1079e5b,3A,e59936f3-1499-46bc-b398-7385c1079e5b,http://recaps.competitionsuite.com/e59936f3-1499-46bc-b398-7385c1079e5b.htm,4a9e81ba-4522-4072-9d07-ee58e833ee01,Canyon View,,UT,65.688,4
ff7a5f4b-b7dc-4cbc-ad0b-1295fdd971a8,UMEA 2025,8deba44e-71f7-4750-a8a0-3b6f8f5624c2,Mt. Timpanogos Invitational,2025-10-25T00:00:00,"American Fork High School (American Fork, UT)",e59936f3-1499-46bc-b398-7385c1079e5b,3A,e59936f3-1499-46bc-b398-7385c1079e5b,http://recaps.competitionsuite.com/e59936f3-1499-46bc-b398-7385c1079e5b.htm,8df0f225-07e2-4ae4-a539-9ab5ee7b51ff,Gallatin,,,62.863,5
ff7a5f4b-b7dc-4cbc-ad0b-1295fdd971a8,UMEA 2025,8deba44e-71f7-4750-a8a0-3b6f8f5624c2,Mt. Timpanogos Invitational,2025-10-25T00:00:00,"American Fork High School (American Fork, UT)",eba490df-a9d9-4106-9ce2-e8e564c2e4c1,5A Scholastic,eba490df-a9d9-4106-9ce2-e8e564c2e4c1,http://recaps.competitionsuite.com/eba490df-a9d9-4106-9ce2-e8e564c2e4c1.htm,21e696ca-7357-454d-86e0-09002f5328e8,Pleasant Grove,,UT,82.775,1
ff7a5f4b-b7dc-4cbc-ad0b-1295fdd971a8,UMEA 2025,8deba44e-71f7-4750-a8a0-3b6f8f5624c2,Mt. Timpanogos Invitational,2025-10-25T00:00:00,"American Fork High School (American Fork, UT)",eba490df-a9d9-4106-9ce2-e8e564c2e4c1,5A Scholastic,eba490df-a9d9-4106-9ce2-e8e564c2e4c1,http://recaps.competitionsuite.com/eba490df-a9d9-4106-9ce2-e8e564c2e4c1.htm,f3e680e0-eb4f-4b3d-a90c-db5ce4dc5597,Wasatch,Heber,UT,77.263,2
ff7a5f4b-b7dc-4cbc-ad0b-1295fdd971a8,UMEA 2025,8deba44e-71f7-4750-a8a0-3b6f8f5624c2,Mt. Timpanogos Invitational,2025-10-25T00:00:00,"American Fork High School (American Fork, UT)",eba490df-a9d9-4106-9ce2-e8e564c2e4c1,5A Scholastic,eba490df-a9d9-4106-9ce2-e8e564c2e4c1,http://recaps.competitionsuite.com/eba490df-a9d9-4106-9ce2-e8e564c2e4c1.htm,5f008e0f-4243-48e3-a378-129f884ef047,Clearfield,,,76.081,3
ff7a5f4b-b7dc-4cbc-ad0b-1295fdd971a8,UMEA 2025,8deba44e-71f7-4750-a8a0-3b6f8f5624c2,Mt. Timpanogos Invitational,2025-10-25T00:00:00,"American Fork High School (American Fork, UT)",eba490df-a9d9-4106-9ce2-e8e564c2e4c1,5A Scholastic,eba490df-a9d9-4106-9ce2-e8e564c2e4c1,http://recaps.competitionsuite.com/eba490df-a9d9-4106-9ce2-e8e564c2e4c1.htm,b5ffd417-8aa7-433f-96ec-902d2c90cc3c,Timpview,,UT,72.9,4
ff7a5f4b-b7dc-4cbc-ad0b-1295fdd971a8,UMEA 2025,8deba44e-71f7-4750-a8a0-3b6f8f5624c2,Mt. Timpanogos Invitational,2025-10-25T00:00:00,"American Fork High School (American Fork, UT)",eba490df-a9d9-4106-9ce2-e8e564c2e4c1,5A Scholastic,eba490df-a9d9-4106-9ce2-e8e564c2e4c1,http://recaps.competitionsuite.com/eba490df-a9d9-4106-9ce2-e8e564c2e4c1.htm,3c0561b9-0644-4f4f-b24f-2f2a65ba4965,Spanish Fork,,UT,72.038,5
ff7a5f4b-b7dc-4cbc-ad0b-1295fdd971a8,UMEA 2025,8deba44e-71f7-4750-a8a0-3b6f8f5624c2,Mt. Timpanogos Invitational,2025-10-25T00:00:00,"American Fork High School (American Fork, UT)",eba490df-a9d9-4106-9ce2-e8e564c2e4c1,5A Scholastic,eba490df-a9d9-4106-9ce2-e8e564c2e4c1,http://recaps.competitionsuite.com/eba490df-a9d9-4106-9ce2-e8e564c2e4c1.htm,95e76e25-0a3d-40f6-b10c-201a30614f9e,Springville,,UT,71.925,6
ff7a5f4b-b7dc-4cbc-ad0b-1295fdd971a8,UMEA 2025,8deba44e-71f7-4750-a8a0-3b6f8f5624c2,Mt. Timpanogos Invitational,2025-10-25T00:00:00,"American Fork High School (American Fork, UT)",eba490df-a9d9-4106-9ce2-e8e564c2e4c1,5A Scholastic,eba490df-a9d9-4106-9ce2-e8e564c2e4c1,http://recaps.competitionsuite.com/eba490df-a9d9-4106-9ce2-e8e564c2e4c1.htm,c31cccc8-49c7-45d2-a744-228429a6f112,Payson,,UT,71.35,7
ff7a5f4b-b7dc-4cbc-ad0b-1295fdd971a8,UMEA 2025,8deba44e-71f7-4750-a8a0-3b6f8f5624c2,Mt. Timpanogos Invitational,2025-10-25T00:00:00,"American Fork High School (American Fork, UT)",eba490df-a9d9-4106-9ce2-e8e564c2e4c1,5A Scholastic,eba490df-a9d9-4106-9ce2-e8e564c2e4c1,http://recaps.competitionsuite.com/eba490df-a9d9-4106-9ce2-e8e564c2e4c1.htm,a67956ea-7b7e-4661-aed4-16c7c1dcd06d,Orem,,UT,70.506,8
ff7a5f4b-b7dc-4cbc-ad0b-1295fdd971a8,UMEA 2025,8deba44e-71f7-4750-a8a0-3b6f8f5624c2,Mt. Timpanogos Invitational,2025-10-25T00:00:00,"American Fork High School (American Fork, UT)",eba490df-a9d9-4106-9ce2-e8e564c2e4c1,5A Scholastic,eba490df-a9d9-4106-9ce2-e8e564c2e4c1,http://recaps.competitionsuite.com/eba490df-a9d9-4106-9ce2-e8e564c2e4c1.htm,d40bf422-bbb2-4aa5-95b7-580ead76dd08,West Jordan,,UT,62.525,9
ff7a5f4b-b7dc-4cbc-ad0b-1295fdd971a8,UMEA 2025,8deba44e-71f7-4750-a8a0-3b6f8f5624c2,Mt. Timpanogos Invitational,2025-10-25T00:00:00,"American Fork High School (American Fork, UT)",4c185814-3c32-4b3d-9d53-238ff6da2a56,5A Open,4c185814-3c32-4b3d-9d53-238ff6da2a56,http://recaps.competitionsuite.com/4c185814-3c32-4b3d-9d53-238ff6da2a56.htm,78620f61-8067-4e9a-860f-e819d0137293,Green Canyon,,,88.825,1
ff7a5f4b-b7dc-4cbc-ad0b-1295fdd971a8,UMEA 2025,8deba44e-71f7-4750-a8a0-3b6f8f5624c2,Mt. Timpanogos Invitational,2025-10-25T00:00:00,"American Fork High School (American Fork, UT)",4c185814-3c32-4b3d-9d53-238ff6da2a56,5A Open,4c185814-3c32-4b3d-9d53-238ff6da2a56,http://recaps.competitionsuite.com/4c185814-3c32-4b3d-9d53-238ff6da2a56.htm,5804ae1b-e8b3-44e1-aa4b-4a923e4c770e,Maple Mountain,,UT,84.913,2
ff7a5f4b-b7dc-4cbc-ad0b-1295fdd971a8,UMEA 2025,8deba44e-71f7-4750-a8a0-3b6f8f5624c2,Mt. Timpanogos Invitational,2025-10-25T00:00:00,"American Fork High School (American Fork, UT)",4c185814-3c32-4b3d-9d53-238ff6da2a56,5A Open,4c185814-3c32-4b3d-9d53-238ff6da2a56,http://recaps.competitionsuite.com/4c185814-3c32-4b3d-9d53-238ff6da2a56.htm,76fdf84d-8c04-4a14-bc6e-1f2c3f26bdfb,Salem Hills,,UT,78.475,3
ff7a5f4b-b7dc-4cbc-ad0b-1295fdd971a8,UMEA 2025,8deba44e-71f7-4750-a8a0-3b6f8f5624c2,Mt. Timpanogos Invitational,2025-10-25T00:00:00,"American Fork High School (American Fork, UT)",debfd0d9-9282-484c-971e-59805b0a90d4,4A Scholastic,debfd0d9-9282-484c-971e-59805b0a90d4,http://recaps.competitionsuite.com/debfd0d9-9282-484c-971e-59805b0a90d4.htm,a08fb0d3-b356-4870-b842-ad400ca1394b,Uintah,,UT,64.55,1
ff7a5f4b-b7dc-4cbc-ad0b-1295fdd971a8,UMEA 2025,8deba44e-71f7-4750-a8a0-3b6f8f5624c2,Mt. Timpanogos Invitational,2025-10-25T00:00:00,"American Fork High School (American Fork, UT)",debfd0d9-9282-484c-971e-59805b0a90d4,4A Scholastic,debfd0d9-9282-484c-971e-59805b0a90d4,http://recaps.competitionsuite.com/debfd0d9-9282-484c-971e-59805b0a90d4.htm,8aeda989-80e7-4c14-84ee-e0cc1abf2796,Stansbury,,UT,60.113,2
ff7a5f4b-b7dc-4cbc-ad0b-1295fdd971a8,UMEA 2025,8deba44e-71f7-4750-a8a0-3b6f8f5624c2,Mt. Timpanogos Invitational,2025-10-25T00:00:00,"American Fork High School (American Fork, UT)",debfd0d9-9282-484c-971e-59805b0a90d4,4A Scholastic,debfd0d9-9282-484c-971e-59805b0a90d4,http://recaps.competitionsuite.com/debfd0d9-9282-484c-971e-59805b0a90d4.htm,d542de52-a78f-4d05-9440-360c46683187,Timpanogos,,UT,59.113,3
ff7a5f4b-b7dc-4cbc-ad0b-1295fdd971a8,UMEA 2025,8deba44e-71f7-4750-a8a0-3b6f8f5624c2,Mt. Timpanogos Invitational,2025-10-25T00:00:00,"American Fork High School (American Fork, UT)",debfd0d9-9282-484c-971e-59805b0a90d4,4A Scholastic,debfd0d9-9282-484c-971e-59805b0a90d4,http://recaps.competitionsuite.com/debfd0d9-9282-484c-971e-59805b0a90d4.htm,52f98cff-0ab6-48de-83d6-925ddee460a1,Deseret Peak,,,54.663,4
ff7a5f4b-b7dc-4cbc-ad0b-1295fdd971a8,UMEA 2025,8deba44e-71f7-4750-a8a0-3b6f8f5624c2,Mt. Timpanogos Invitational,2025-10-25T00:00:00,"American Fork High School (American Fork, UT)",7e4659dc-acae-44d4-b37f-20c8332a7fde,4A Open,7e4659dc-acae-44d4-b37f-20c8332a7fde,http://recaps.competitionsuite.com/7e4659dc-acae-44d4-b37f-20c8332a7fde.htm,a8c5e502-b508-4d19-b01c-6c230722f629,Ogden,,UT,83.088,1
ff7a5f4b-b7dc-4cbc-ad0b-1295fdd971a8,UMEA 2025,8deba44e-71f7-4750-a8a0-3b6f8f5624c2,Mt. Timpanogos Invitational,2025-10-25T00:00:00,"American Fork High School (American Fork, UT)",7e4659dc-acae-44d4-b37f-20c8332a7fde,4A Open,7e4659dc-acae-44d4-b37f-20c8332a7fde,http://recaps.competitionsuite.com/7e4659dc-acae-44d4-b37f-20c8332a7fde.htm,a6e71c81-a505-44d6-9e4b-9e09ee825700,Mountain Crest,,UT,75.675,2
ff7a5f4b-b7dc-4cbc-ad0b-1295fdd971a8,UMEA 2025,8deba44e-71f7-4750-a8a0-3b6f8f5624c2,Mt. Timpanogos Invitational,2025-10-25T00:00:00,"American Fork High School (American Fork, UT)",7e4659dc-acae-44d4-b37f-20c8332a7fde,4A Open,7e4659dc-acae-44d4-b37f-20c8332a7fde,http://recaps.competitionsuite.com/7e4659dc-acae-44d4-b37f-20c8332a7fde.htm,e32ba22f-aa8c-4cbf-bcf1-2d55579dd6a2,Ridgeline,,UT,73.25,3
ff7a5f4b-b7dc-4cbc-ad0b-1295fdd971a8,UMEA 2025,8deba44e-71f7-4750-a8a0-3b6f8f5624c2,Mt. Timpanogos Invitational,2025-10-25T00:00:00,"American Fork High School (American Fork, UT)",7e4659dc-acae-44d4-b37f-20c8332a7fde,4A Open,7e4659dc-acae-44d4-b37f-20c8332a7fde,http://recaps.competitionsuite.com/7e4659dc-acae-44d4-b37f-20c8332a7fde.htm,07e5f2a8-a358-4890-ad13-bf8791376796,Provo,,UT,72.413,4
ff7a5f4b-b7dc-4cbc-ad0b-1295fdd971a8,UMEA 2025,8deba44e-71f7-4750-a8a0-3b6f8f5624c2,Mt. Timpanogos Invitational,2025-10-25T00:00:00,"American Fork High School (American Fork, UT)",7e4659dc-acae-44d4-b37f-20c8332a7fde,4A Open,7e4659dc-acae-44d4-b37f-20c8332a7fde,http://recaps.competitionsuite.com/7e4659dc-acae-44d4-b37f-20c8332a7fde.htm,db11c482-01a0-46c2-902e-8954d0c216fa,Tooele,,UT,72.063,5
ff7a5f4b-b7dc-4cbc-ad0b-1295fdd971a8,UMEA 2025,8deba44e-71f7-4750-a8a0-3b6f8f5624c2,Mt. Timpanogos Invitational,2025-10-25T00:00:00,"American Fork High School (American Fork, UT)",7e4659dc-acae-44d4-b37f-20c8332a7fde,4A Open,7e4659dc-acae-44d4-b37f-20c8332a7fde,http://recaps.competitionsuite.com/7e4659dc-acae-44d4-b37f-20c8332a7fde.htm,e2f2d5c1-d8dd-4698-a82e-2ec4f9d388a0,Sky View,,UT,71.125,6
ff7a5f4b-b7dc-4cbc-ad0b-1295fdd971a8,UMEA 2025,8deba44e-71f7-4750-a8a0-3b6f8f5624c2,Mt. Timpanogos Invitational,2025-10-25T00:00:00,"American Fork High School (American Fork, UT)",7e4659dc-acae-44d4-b37f-20c8332a7fde,4A Open,7e4659dc-acae-44d4-b37f-20c8332a7fde,http://recaps.competitionsuite.com/7e4659dc-acae-44d4-b37f-20c8332a7fde.htm,5f92fee2-dff7-4521-b79b-9c9916d1aae4,Bear River,,UT,56.713,7
ff7a5f4b-b7dc-4cbc-ad0b-1295fdd971a8,UMEA 2025,8deba44e-71f7-4750-a8a0-3b6f8f5624c2,Mt. Timpanogos Invitational,2025-10-25T00:00:00,"American Fork High School (American Fork, UT)",52588382-4cc1-415e-a2ab-c80789960369,6A Scholastic,52588382-4cc1-415e-a2ab-c80789960369,http://recaps.competitionsuite.com/52588382-4cc1-415e-a2ab-c80789960369.htm,abf83b9a-64bc-4f63-9c9d-5281a7fb1361,Lone Peak,,UT,87.15,1
ff7a5f4b-b7dc-4cbc-ad0b-1295fdd971a8,UMEA 2025,8deba44e-71f7-4750-a8a0-3b6f8f5624c2,Mt. Timpanogos Invitational,2025-10-25T00:00:00,"American Fork High School (American Fork, UT)",52588382-4cc1-415e-a2ab-c80789960369,6A Scholastic,52588382-4cc1-415e-a2ab-c80789960369,http://recaps.competitionsuite.com/52588382-4cc1-415e-a2ab-c80789960369.htm,8ea431fe-4ad2-4ebf-8e2d-f24b5d54b8fc,Riverton,,UT,86.525,2
ff7a5f4b-b7dc-4cbc-ad0b-1295fdd971a8,UMEA 2025,8deba44e-71f7-4750-a8a0-3b6f8f5624c2,Mt. Timpanogos Invitational,2025-10-25T00:00:00,"American Fork High School (American Fork, UT)",52588382-4cc1-415e-a2ab-c80789960369,6A Scholastic,52588382-4cc1-415e-a2ab-c80789960369,http://recaps.competitionsuite.com/52588382-4cc1-415e-a2ab-c80789960369.htm,0e9db88e-6ca4-4ba5-9262-343e4adf86ce,Lehi,,UT,83.75,3
ff7a5f4b-b7dc-4cbc-ad0b-1295fdd971a8,UMEA 2025,8deba44e-71f7-4750-a8a0-3b6f8f5624c2,Mt. Timpanogos Invitational,2025-10-25T00:00:00,"American Fork High School (American Fork, UT)",52588382-4cc1-415e-a2ab-c80789960369,6A Scholastic,52588382-4cc1-415e-a2ab-c80789960369,http://recaps.competitionsuite.com/52588382-4cc1-415e-a2ab-c80789960369.htm,b6d68bb5-c891-4957-9e2a-395a697f838f,Mountain Ridge,,,78.463,4
ff7a5f4b-b7dc-4cbc-ad0b-1295fdd971a8,UMEA 2025,8deba44e-71f7-4750-a8a0-3b6f8f5624c2,Mt. Timpanogos Invitational,2025-10-25T00:00:00,"American Fork High School (American Fork, UT)",52588382-4cc1-415e-a2ab-c80789960369,6A Scholastic,52588382-4cc1-415e-a2ab-c80789960369,http://recaps.competitionsuite.com/52588382-4cc1-415e-a2ab-c80789960369.htm,81a5e30b-6eac-4d55-b491-ae88f2a52434,Mountain Star,,,74.775,5
ff7a5f4b-b7dc-4cbc-ad0b-1295fdd971a8,UMEA 2025,8deba44e-71f7-4750-a8a0-3b6f8f5624c2,Mt. Timpanogos Invitational,2025-10-25T00:00:00,"American Fork High School (American Fork, UT)",cf95c3ea-0d5b-4805-abbb-f2e20537650b,6A Open,cf95c3ea-0d5b-4805-abbb-f2e20537650b,http://recaps.competitionsuite.com/cf95c3ea-0d5b-4805-abbb-f2e20537650b.htm,bea62569-6a33-46c7-ae6a-78455a7d9bfa,American Fork,,UT,94.0,1
ff7a5f4b-b7dc-4cbc-ad0b-1295fdd971a8,UMEA 2025,8deba44e-71f7-4750-a8a0-3b6f8f5624c2,Mt. Timpanogos Invitational,2025-10-25T00:00:00,"American Fork High School (American Fork, UT)",cf95c3ea-0d5b-4805-abbb-f2e20537650b,6A Open,cf95c3ea-0d5b-4805-abbb-f2e20537650b,http://recaps.competitionsuite.com/cf95c3ea-0d5b-4805-abbb-f2e20537650b.htm,8d34ae82-f024-4911-a1c8-41d4e9c073f5,Cedar Valley,,,90.2,2
ff7a5f4b-b7dc-4cbc-ad0b-1295fdd971a8,UMEA 2025,8deba44e-71f7-4750-a8a0-3b6f8f5624c2,Mt. Timpanogos Invitational,2025-10-25T00:00:00,"American Fork High School (American Fork, UT)",cf95c3ea-0d5b-4805-abbb-f2e20537650b,6A Open,cf95c3ea-0d5b-4805-abbb-f2e20537650b,http://recaps.competitionsuite.com/cf95c3ea-0d5b-4805-abbb-f2e20537650b.htm,097d7522-24ce-468f-a37c-ad45225b32cb,Westlake,,UT,89.863,3
ff7a5f4b-b7dc-4cbc-ad0b-1295fdd971a8,UMEA 2025,8deba44e-71f7-4750-a8a0-3b6f8f5624c2,Mt. Timpanogos Invitational,2025-10-25T00:00:00,"American Fork High School (American Fork, UT)",cf95c3ea-0d5b-4805-abbb-f2e20537650b,6A Open,cf95c3ea-0d5b-4805-abbb-f2e20537650b,http://recaps.competitionsuite.com/cf95c3ea-0d5b-4805-abbb-f2e20537650b.htm,f0ebb67f-9776-421b-ac2d-90f9f4e13dc9,Skyridge,,UT,88.663,4
ff7a5f4b-b7dc-4cbc-ad0b-1295fdd971a8,UMEA 2025,8deba44e-71f7-4750-a8a0-3b6f8f5624c2,Mt. Timpanogos Invitational,2025-10-25T00:00:00,"American Fork High School (American Fork, UT)",cf95c3ea-0d5b-4805-abbb-f2e20537650b,6A Open,cf95c3ea-0d5b-4805-abbb-f2e20537650b,http://recaps.competitionsuite.com/cf95c3ea-0d5b-4805-abbb-f2e20537650b.htm,72fafa20-5780-456a-96b1-81f5dcc2cf6a,Davis,,UT,87.3,5
ff7a5f4b-b7dc-4cbc-ad0b-1295fdd971a8,UMEA 2025,8deba44e-71f7-4750-a8a0-3b6f8f5624c2,Mt. Timpanogos Invitational,2025-10-25T00:00:00,"American Fork High School (American Fork, UT)",cf95c3ea-0d5b-4805-abbb-f2e20537650b,6A Open,cf95c3ea-0d5b-4805-abbb-f2e20537650b,http://recaps.competitionsuite.com/cf95c3ea-0d5b-4805-abbb-f2e20537650b.htm,3e3007a1-0652-47c6-97e5-8da1ef5d9a6c,Farmington,,,87.006,6
ff7a5f4b-b7dc-4cbc-ad0b-1295fdd971a8,UMEA 2025,8deba44e-71f7-4750-a8a0-3b6f8f5624c2,Mt. Timpanogos Invitational,2025-10-25T00:00:00,"American Fork High School (American Fork, UT)",cf95c3ea-0d5b-4805-abbb-f2e20537650b,6A Open,cf95c3ea-0d5b-4805-abbb-f2e20537650b,http://recaps.competitionsuite.com/cf95c3ea-0d5b-4805-abbb-f2e20537650b.htm,f7347b63-cd02-4bea-b592-9cf0004a58d3,Herriman,,UT,86.706,7
ff7a5f4b-b7dc-4cbc-ad0b-1295fdd971a8,UMEA 2025,b09cb6f7-843e-4765-8336-d543c19541f3,Wasatch Front Invitational,2025-10-11T00:00:00,"Riverton High School (Riverton, UT)",3c7bb5e5-2abb-4dd3-b954-d53c5242da71,3A,3c7bb5e5-2abb-4dd3-b954-d53c5242da71,http://recaps.competitionsuite.com/3c7bb5e5-2abb-4dd3-b954-d53c5242da71.htm,2e7ea6ac-dfed-4e2d-bf16-ccadd306fd28,Carbon,,UT,67.625,1
ff7a5f4b-b7dc-4cbc-ad0b-1295fdd971a8,UMEA 2025,b09cb6f7-843e-4765-8336-d543c19541f3,Wasatch Front Invitational,2025-10-11T00:00:00,"Riverton High School (Riverton, UT)",3c7bb5e5-2abb-4dd3-b954-d53c5242da71,3A,3c7bb5e5-2abb-4dd3-b954-d53c5242da71,http://recaps.competitionsuite.com/3c7bb5e5-2abb-4dd3-b954-d53c5242da71.htm,9ad6df5d-009f-4a5e-9d91-53d36982d968,Canyon View,,UT,64.263,2
ff7a5f4b-b7dc-4cbc-ad0b-1295fdd971a8,UMEA 2025,b09cb6f7-843e-4765-8336-d543c19541f3,Wasatch Front Invitational,2025-10-11T00:00:00,"Riverton High School (Riverton, UT)",3c7bb5e5-2abb-4dd3-b954-d53c5242da71,3A,3c7bb5e5-2abb-4dd3-b954-d53c5242da71,http://recaps.competitionsuite.com/3c7bb5e5-2abb-4dd3-b954-d53c5242da71.htm,670e0467-5802-45a1-a0b7-9720c6781272,Delta,,UT,61.125,3
ff7a5f4b-b7dc-4cbc-ad0b-1295fdd971a8,UMEA 2025,b09cb6f7-843e-4765-8336-d543c19541f3,Wasatch Front Invitational,2025-10-11T00:00:00,"Riverton High School (Riverton, UT)",307ecd1c-e2ed-4f4f-8019-27b8dc2f5b10,5A Scholastic,307ecd1c-e2ed-4f4f-8019-27b8dc2f5b10,http://recaps.competitionsuite.com/307ecd1c-e2ed-4f4f-8019-27b8dc2f5b10.htm,67e3bcf4-8a03-4ea1-a6f9-b054cd1388b5,Pleasant Grove,,UT,78.85,1
ff7a5f4b-b7dc-4cbc-ad0b-1295fdd971a8,UMEA 2025,b09cb6f7-843e-4765-8336-d543c19541f3,Wasatch Front Invitational,2025-10-11T00:00:00,"Riverton High School (Riverton, UT)",307ecd1c-e2ed-4f4f-8019-27b8dc2f5b10,5A Scholastic,307ecd1c-e2ed-4f4f-8019-27b8dc2f5b10,http://recaps.competitionsuite.com/307ecd1c-e2ed-4f4f-8019-27b8dc2f5b10.htm,5b4373df-3e06-4fa5-a38e-1a11c4ac2858,Clearfield,,,72.05,2
ff7a5f4b-b7dc-4cbc-ad0b-1295fdd971a8,UMEA 2025,b09cb6f7-843e-4765-8336-d543c19541f3,Wasatch Front Invitational,2025-10-11T00:00:00,"Riverton High School (Riverton, UT)",307ecd1c-e2ed-4f4f-8019-27b8dc2f5b10,5A Scholastic,307ecd1c-e2ed-4f4f-8019-27b8dc2f5b10,http://recaps.competitionsuite.com/307ecd1c-e2ed-4f4f-8019-27b8dc2f5b10.htm,f19559c8-8d97-4044-83be-b3a2f462c7b1,Springville,,UT,71.6,3
ff7a5f4b-b7dc-4cbc-ad0b-1295fdd971a8,UMEA 2025,b09cb6f7-843e-4765-8336-d543c19541f3,Wasatch Front Invitational,2025-10-11T00:00:00,"Riverton High School (Riverton, UT)",307ecd1c-e2ed-4f4f-8019-27b8dc2f5b10,5A Scholastic,307ecd1c-e2ed-4f4f-8019-27b8dc2f5b10,http://recaps.competitionsuite.com/307ecd1c-e2ed-4f4f-8019-27b8dc2f5b10.htm,a9f4889b-a29c-431e-889b-6f4db3f3467c,Timpview,,UT,69.313,4
ff7a5f4b-b7dc-4cbc-ad0b-1295fdd971a8,UMEA 2025,b09cb6f7-843e-4765-8336-d543c19541f3,Wasatch Front Invitational,2025-10-11T00:00:00,"Riverton High School (Riverton, UT)",307ecd1c-e2ed-4f4f-8019-27b8dc2f5b10,5A Scholastic,307ecd1c-e2ed-4f4f-8019-27b8dc2f5b10,http://recaps.competitionsuite.com/307ecd1c-e2ed-4f4f-8019-27b8dc2f5b10.htm,e75fb1ab-7156-4d15-a129-a2dc1bf658a6,Hillcrest,,,67.688,5
ff7a5f4b-b7dc-4cbc-ad0b-1295fdd971a8,UMEA 2025,b09cb6f7-843e-4765-8336-d543c19541f3,Wasatch Front Invitational,2025-10-11T00:00:00,"Riverton High School (Riverton, UT)",307ecd1c-e2ed-4f4f-8019-27b8dc2f5b10,5A Scholastic,307ecd1c-e2ed-4f4f-8019-27b8dc2f5b10,http://recaps.competitionsuite.com/307ecd1c-e2ed-4f4f-8019-27b8dc2f5b10.htm,0847516b-5612-40e9-a5ee-e2af4c203c72,Spanish Fork,,UT,67.263,6
ff7a5f4b-b7dc-4cbc-ad0b-1295fdd971a8,UMEA 2025,b09cb6f7-843e-4765-8336-d543c19541f3,Wasatch Front Invitational,2025-10-11T00:00:00,"Riverton High School (Riverton, UT)",307ecd1c-e2ed-4f4f-8019-27b8dc2f5b10,5A Scholastic,307ecd1c-e2ed-4f4f-8019-27b8dc2f5b10,http://recaps.competitionsuite.com/307ecd1c-e2ed-4f4f-8019-27b8dc2f5b10.htm,4b8fd4ef-28b8-42b3-a5fa-33194afc8bff,Payson,,UT,65.719,7
ff7a5f4b-b7dc-4cbc-ad0b-1295fdd971a8,UMEA 2025,b09cb6f7-843e-4765-8336-d543c19541f3,Wasatch Front Invitational,2025-10-11T00:00:00,"Riverton High School (Riverton, UT)",307ecd1c-e2ed-4f4f-8019-27b8dc2f5b10,5A Scholastic,307ecd1c-e2ed-4f4f-8019-27b8dc2f5b10,http://recaps.competitionsuite.com/307ecd1c-e2ed-4f4f-8019-27b8dc2f5b10.htm,7fcf4771-24af-4668-99f9-e8ad0dc3f942,West Jordan,,UT,60.55,8
ff7a5f4b-b7dc-4cbc-ad0b-1295fdd971a8,UMEA 2025,b09cb6f7-843e-4765-8336-d543c19541f3,Wasatch Front Invitational,2025-10-11T00:00:00,"Riverton High School (Riverton, UT)",f5c91893-5221-4582-8a5e-750ebc645a5f,5A Open,f5c91893-5221-4582-8a5e-750ebc645a5f,http://recaps.competitionsuite.com/f5c91893-5221-4582-8a5e-750ebc645a5f.htm,14e967d8-f58e-423d-a68e-1a6f3274d3e4,Green Canyon,,,87.013,1
ff7a5f4b-b7dc-4cbc-ad0b-1295fdd971a8,UMEA 2025,b09cb6f7-843e-4765-8336-d543c19541f3,Wasatch Front Invitational,2025-10-11T00:00:00,"Riverton High School (Riverton, UT)",f5c91893-5221-4582-8a5e-750ebc645a5f,5A Open,f5c91893-5221-4582-8a5e-750ebc645a5f,http://recaps.competitionsuite.com/f5c91893-5221-4582-8a5e-750ebc645a5f.htm,5af360d9-50cd-4ac9-b6b6-b7ff453f1058,Alta,,UT,83.75,2
ff7a5f4b-b7dc-4cbc-ad0b-1295fdd971a8,UMEA 2025,b09cb6f7-843e-4765-8336-d543c19541f3,Wasatch Front Invitational,2025-10-11T00:00:00,"Riverton High School (Riverton, UT)",f5c91893-5221-4582-8a5e-750ebc645a5f,5A Open,f5c91893-5221-4582-8a5e-750ebc645a5f,http://recaps.competitionsuite.com/f5c91893-5221-4582-8a5e-750ebc645a5f.htm,11f5936a-e268-40b9-bbf3-8ee0014a7f75,Maple Mountain,,UT,83.638,3
ff7a5f4b-b7dc-4cbc-ad0b-1295fdd971a8,UMEA 2025,b09cb6f7-843e-4765-8336-d543c19541f3,Wasatch Front Invitational,2025-10-11T00:00:00,"Riverton High School (Riverton, UT)",c2c14566-2c17-4a77-a310-ecd79b7d9705,4A Scholastic,c2c14566-2c17-4a77-a310-ecd79b7d9705,http://recaps.competitionsuite.com/c2c14566-2c17-4a77-a310-ecd79b7d9705.htm,75ea5361-3df4-41c2-ae02-e54e7b461122,Uintah,,UT,64.537,1
ff7a5f4b-b7dc-4cbc-ad0b-1295fdd971a8,UMEA 2025,b09cb6f7-843e-4765-8336-d543c19541f3,Wasatch Front Invitational,2025-10-11T00:00:00,"Riverton High School (Riverton, UT)",c2c14566-2c17-4a77-a310-ecd79b7d9705,4A Scholastic,c2c14566-2c17-4a77-a310-ecd79b7d9705,http://recaps.competitionsuite.com/c2c14566-2c17-4a77-a310-ecd79b7d9705.htm,839665f5-0edd-422d-a2b6-954879643ef0,Timpanogos,,UT,60.838,2
ff7a5f4b-b7dc-4cbc-ad0b-1295fdd971a8,UMEA 2025,b09cb6f7-843e-4765-8336-d543c19541f3,Wasatch Front Invitational,2025-10-11T00:00:00,"Riverton High School (Riverton, UT)",c2c14566-2c17-4a77-a310-ecd79b7d9705,4A Scholastic,c2c14566-2c17-4a77-a310-ecd79b7d9705,http://recaps.competitionsuite.com/c2c14566-2c17-4a77-a310-ecd79b7d9705.htm,7409f1f4-673b-4200-a840-485896ef09e4,Stansbury,,UT,60.2,3
ff7a5f4b-b7dc-4cbc-ad0b-1295fdd971a8,UMEA 2025,b09cb6f7-843e-4765-8336-d543c19541f3,Wasatch Front Invitational,2025-10-11T00:00:00,"Riverton High School (Riverton, UT)",c2c14566-2c17-4a77-a310-ecd79b7d9705,4A Scholastic,c2c14566-2c17-4a77-a310-ecd79b7d9705,http://recaps.competitionsuite.com/c2c14566-2c17-4a77-a310-ecd79b7d9705.htm,5c7ab22a-2d1b-4bb9-afce-019b39635523,Deseret Peak,,,56.163,4
ff7a5f4b-b7dc-4cbc-ad0b-1295fdd971a8,UMEA 2025,b09cb6f7-843e-4765-8336-d543c19541f3,Wasatch Front Invitational,2025-10-11T00:00:00,"Riverton High School (Riverton, UT)",0b1ca290-56a5-44bc-a99a-d665ddb46662,4A Open,0b1ca290-56a5-44bc-a99a-d665ddb46662,http://recaps.competitionsuite.com/0b1ca290-56a5-44bc-a99a-d665ddb46662.htm,db814220-01ac-4e1b-ae5b-410ba19b0b0d,Ogden,,UT,77.975,1
ff7a5f4b-b7dc-4cbc-ad0b-1295fdd971a8,UMEA 2025,b09cb6f7-843e-4765-8336-d543c19541f3,Wasatch Front Invitational,2025-10-11T00:00:00,"Riverton High School (Riverton, UT)",0b1ca290-56a5-44bc-a99a-d665ddb46662,4A Open,0b1ca290-56a5-44bc-a99a-d665ddb46662,http://recaps.competitionsuite.com/0b1ca290-56a5-44bc-a99a-d665ddb46662.htm,5cdff7fa-ab30-49e1-b897-d911784fdd61,Tooele,,UT,70.113,2
ff7a5f4b-b7dc-4cbc-ad0b-1295fdd971a8,UMEA 2025,b09cb6f7-843e-4765-8336-d543c19541f3,Wasatch Front Invitational,2025-10-11T00:00:00,"Riverton High School (Riverton, UT)",6142ab61-ce27-444c-99cb-01d0bd821bb7,6A Scholastic,6142ab61-ce27-444c-99cb-01d0bd821bb7,http://recaps.competitionsuite.com/6142ab61-ce27-444c-99cb-01d0bd821bb7.htm,ca9f2cb8-ea77-408e-a96c-41c358caaaab,Bingham,,UT,82.625,1
ff7a5f4b-b7dc-4cbc-ad0b-1295fdd971a8,UMEA 2025,b09cb6f7-843e-4765-8336-d543c19541f3,Wasatch Front Invitational,2025-10-11T00:00:00,"Riverton High School (Riverton, UT)",6142ab61-ce27-444c-99cb-01d0bd821bb7,6A Scholastic,6142ab61-ce27-444c-99cb-01d0bd821bb7,http://recaps.competitionsuite.com/6142ab61-ce27-444c-99cb-01d0bd821bb7.htm,76990fd5-da65-4965-8af3-ae0dfd1c3465,Riverton,,UT,81.6,2
ff7a5f4b-b7dc-4cbc-ad0b-1295fdd971a8,UMEA 2025,b09cb6f7-843e-4765-8336-d543c19541f3,Wasatch Front Invitational,2025-10-11T00:00:00,"Riverton High School (Riverton, UT)",6142ab61-ce27-444c-99cb-01d0bd821bb7,6A Scholastic,6142ab61-ce27-444c-99cb-01d0bd821bb7,http://recaps.competitionsuite.com/6142ab61-ce27-444c-99cb-01d0bd821bb7.htm,cae0ffd4-92de-4162-8647-632accce92b4,Lehi,,UT,79.763,3
ff7a5f4b-b7dc-4cbc-ad0b-1295fdd971a8,UMEA 2025,b09cb6f7-843e-4765-8336-d543c19541f3,Wasatch Front Invitational,2025-10-11T00:00:00,"Riverton High School (Riverton, UT)",6142ab61-ce27-444c-99cb-01d0bd821bb7,6A Scholastic,6142ab61-ce27-444c-99cb-01d0bd821bb7,http://recaps.competitionsuite.com/6142ab61-ce27-444c-99cb-01d0bd821bb7.htm,ce960269-a895-45d6-8072-1b811b43385e,Mountain Ridge,,,75.75,4
ff7a5f4b-b7dc-4cbc-ad0b-1295fdd971a8,UMEA 2025,b09cb6f7-843e-4765-8336-d543c19541f3,Wasatch Front Invitational,2025-10-11T00:00:00,"Riverton High School (Riverton, UT)",6142ab61-ce27-444c-99cb-01d0bd821bb7,6A Scholastic,6142ab61-ce27-444c-99cb-01d0bd821bb7,http://recaps.competitionsuite.com/6142ab61-ce27-444c-99cb-01d0bd821bb7.htm,f47f9370-a327-4972-bd4e-b0add0f13051,Copper Hills,,UT,72.913,5
ff7a5f4b-b7dc-4cbc-ad0b-1295fdd971a8,UMEA 2025,b09cb6f7-843e-4765-8336-d543c19541f3,Wasatch Front Invitational,2025-10-11T00:00:00,"Riverton High School (Riverton, UT)",f8ab3e3c-10ae-4740-b67c-90079449a7f5,6A Open,f8ab3e3c-10ae-4740-b67c-90079449a7f5,http://recaps.competitionsuite.com/f8ab3e3c-10ae-4740-b67c-90079449a7f5.htm,7670b92f-1d76-4a71-bf95-f8ff491923b3,Skyridge,,UT,86.575,1
ff7a5f4b-b7dc-4cbc-ad0b-1295fdd971a8,UMEA 2025,bcaf11e1-0806-4b33-b19d-42a8338429f3,Bridgerland Band Invitational,2025-10-04T00:00:00,"USU Maverik Stadium (Logan, UT)",0e1a5456-511a-4101-8285-5a63d86c8aed,5A Scholastic,0e1a5456-511a-4101-8285-5a63d86c8aed,http://recaps.competitionsuite.com/0e1a5456-511a-4101-8285-5a63d86c8aed.htm,8259b98b-a21b-4fa3-98ed-9bf994cbe8fd,Wasatch,Heber,UT,72.275,1
ff7a5f4b-b7dc-4cbc-ad0b-1295fdd971a8,UMEA 2025,bcaf11e1-0806-4b33-b19d-42a8338429f3,Bridgerland Band Invitational,2025-10-04T00:00:00,"USU Maverik Stadium (Logan, UT)",0e1a5456-511a-4101-8285-5a63d86c8aed,5A Scholastic,0e1a5456-511a-4101-8285-5a63d86c8aed,http://recaps.competitionsuite.com/0e1a5456-511a-4101-8285-5a63d86c8aed.htm,9ab6649a-bb59-4c0f-a1a4-34c008a3e6d0,High Desert,,,67.625,2
ff7a5f4b-b7dc-4cbc-ad0b-1295fdd971a8,UMEA 2025,bcaf11e1-0806-4b33-b19d-42a8338429f3,Bridgerland Band Invitational,2025-10-04T00:00:00,"USU Maverik Stadium (Logan, UT)",0e1a5456-511a-4101-8285-5a63d86c8aed,5A Scholastic,0e1a5456-511a-4101-8285-5a63d86c8aed,http://recaps.competitionsuite.com/0e1a5456-511a-4101-8285-5a63d86c8aed.htm,ce3f1fde-44c5-4959-9134-d1e1e9d1c1a6,Hillcrest,,,66.863,3
ff7a5f4b-b7dc-4cbc-ad0b-1295fdd971a8,UMEA 2025,bcaf11e1-0806-4b33-b19d-42a8338429f3,Bridgerland Band Invitational,2025-10-04T00:00:00,"USU Maverik Stadium (Logan, UT)",0e1a5456-511a-4101-8285-5a63d86c8aed,5A Scholastic,0e1a5456-511a-4101-8285-5a63d86c8aed,http://recaps.competitionsuite.com/0e1a5456-511a-4101-8285-5a63d86c8aed.htm,d801413e-0270-40a0-b020-190e868a7c96,Clearfield,,,65.013,4
ff7a5f4b-b7dc-4cbc-ad0b-1295fdd971a8,UMEA 2025,bcaf11e1-0806-4b33-b19d-42a8338429f3,Bridgerland Band Invitational,2025-10-04T00:00:00,"USU Maverik Stadium (Logan, UT)",0e1a5456-511a-4101-8285-5a63d86c8aed,5A Scholastic,0e1a5456-511a-4101-8285-5a63d86c8aed,http://recaps.competitionsuite.com/0e1a5456-511a-4101-8285-5a63d86c8aed.htm,9edcee3d-ba93-45ff-8b31-cbfa4a6345aa,Kearns,,UT,58.75,5
ff7a5f4b-b7dc-4cbc-ad0b-1295fdd971a8,UMEA 2025,bcaf11e1-0806-4b33-b19d-42a8338429f3,Bridgerland Band Invitational,2025-10-04T00:00:00,"USU Maverik Stadium (Logan, UT)",0e1a5456-511a-4101-8285-5a63d86c8aed,5A Scholastic,0e1a5456-511a-4101-8285-5a63d86c8aed,http://recaps.competitionsuite.com/0e1a5456-511a-4101-8285-5a63d86c8aed.htm,d49dfe30-da5a-4820-bb0b-23cbcf34770f,West Jordan,,UT,57.7,6
ff7a5f4b-b7dc-4cbc-ad0b-1295fdd971a8,UMEA 2025,bcaf11e1-0806-4b33-b19d-42a8338429f3,Bridgerland Band Invitational,2025-10-04T00:00:00,"USU Maverik Stadium (Logan, UT)",6e8e6855-4594-4775-848b-2506dbc35006,5A Open,6e8e6855-4594-4775-848b-2506dbc35006,http://recaps.competitionsuite.com/6e8e6855-4594-4775-848b-2506dbc35006.htm,f8b9455e-474b-4c24-b943-d5de145e7f88,Green Canyon,,,83.7,1
ff7a5f4b-b7dc-4cbc-ad0b-1295fdd971a8,UMEA 2025,bcaf11e1-0806-4b33-b19d-42a8338429f3,Bridgerland Band Invitational,2025-10-04T00:00:00,"USU Maverik Stadium (Logan, UT)",6e8e6855-4594-4775-848b-2506dbc35006,5A Open,6e8e6855-4594-4775-848b-2506dbc35006,http://recaps.competitionsuite.com/6e8e6855-4594-4775-848b-2506dbc35006.htm,95372ac4-2825-4a78-997d-59c390ebd965,Alta,,UT,80.463,2
ff7a5f4b-b7dc-4cbc-ad0b-1295fdd971a8,UMEA 2025,bcaf11e1-0806-4b33-b19d-42a8338429f3,Bridgerland Band Invitational,2025-10-04T00:00:00,"USU Maverik Stadium (Logan, UT)",6e8e6855-4594-4775-848b-2506dbc35006,5A Open,6e8e6855-4594-4775-848b-2506dbc35006,http://recaps.competitionsuite.com/6e8e6855-4594-4775-848b-2506dbc35006.htm,494b1b8f-8430-4654-9af3-bef4178c11c6,Viewmont,,UT,67.475,3
ff7a5f4b-b7dc-4cbc-ad0b-1295fdd971a8,UMEA 2025,bcaf11e1-0806-4b33-b19d-42a8338429f3,Bridgerland Band Invitational,2025-10-04T00:00:00,"USU Maverik Stadium (Logan, UT)",5e572b0c-a28f-4a4c-bb43-375d8c7ad1a5,3A,5e572b0c-a28f-4a4c-bb43-375d8c7ad1a5,http://recaps.competitionsuite.com/5e572b0c-a28f-4a4c-bb43-375d8c7ad1a5.htm,8c8e18b2-2bd4-43dc-b2d6-81487069412d,Nampa,,,70.625,1
ff7a5f4b-b7dc-4cbc-ad0b-1295fdd971a8,UMEA 2025,bcaf11e1-0806-4b33-b19d-42a8338429f3,Bridgerland Band Invitational,2025-10-04T00:00:00,"USU Maverik Stadium (Logan, UT)",5e572b0c-a28f-4a4c-bb43-375d8c7ad1a5,3A,5e572b0c-a28f-4a4c-bb43-375d8c7ad1a5,http://recaps.competitionsuite.com/5e572b0c-a28f-4a4c-bb43-375d8c7ad1a5.htm,04a30d0a-229c-4cd9-b0a0-462590d79ce3,Idaho Falls,,ID,69.588,2
ff7a5f4b-b7dc-4cbc-ad0b-1295fdd971a8,UMEA 2025,bcaf11e1-0806-4b33-b19d-42a8338429f3,Bridgerland Band Invitational,2025-10-04T00:00:00,"USU Maverik Stadium (Logan, UT)",5e572b0c-a28f-4a4c-bb43-375d8c7ad1a5,3A,5e572b0c-a28f-4a4c-bb43-375d8c7ad1a5,http://recaps.competitionsuite.com/5e572b0c-a28f-4a4c-bb43-375d8c7ad1a5.htm,f75ebeff-c091-4350-84b9-66bb9bb82e56,Columbia,,,69.063,3
ff7a5f4b-b7dc-4cbc-ad0b-1295fdd971a8,UMEA 2025,bcaf11e1-0806-4b33-b19d-42a8338429f3,Bridgerland Band Invitational,2025-10-04T00:00:00,"USU Maverik Stadium (Logan, UT)",5e572b0c-a28f-4a4c-bb43-375d8c7ad1a5,3A,5e572b0c-a28f-4a4c-bb43-375d8c7ad1a5,http://recaps.competitionsuite.com/5e572b0c-a28f-4a4c-bb43-375d8c7ad1a5.htm,146a4664-c00c-413f-bbd5-02bfdb9872f4,Skyview (ID),,,68.963,4
ff7a5f4b-b7dc-4cbc-ad0b-1295fdd971a8,UMEA 2025,bcaf11e1-0806-4b33-b19d-42a8338429f3,Bridgerland Band Invitational,2025-10-04T00:00:00,"USU Maverik Stadium (Logan, UT)",5e572b0c-a28f-4a4c-bb43-375d8c7ad1a5,3A,5e572b0c-a28f-4a4c-bb43-375d8c7ad1a5,http://recaps.competitionsuite.com/5e572b0c-a28f-4a4c-bb43-375d8c7ad1a5.htm,fec5a754-55a2-4262-af84-488d3705cb93,Century,,ID,66.75,5
ff7a5f4b-b7dc-4cbc-ad0b-1295fdd971a8,UMEA 2025,bcaf11e1-0806-4b33-b19d-42a8338429f3,Bridgerland Band Invitational,2025-10-04T00:00:00,"USU Maverik Stadium (Logan, UT)",5e572b0c-a28f-4a4c-bb43-375d8c7ad1a5,3A,5e572b0c-a28f-4a4c-bb43-375d8c7ad1a5,http://recaps.competitionsuite.com/5e572b0c-a28f-4a4c-bb43-375d8c7ad1a5.htm,778b2c4a-bda8-4760-b41d-d2ca21160c67,Pocatello,,ID,62.15,6
ff7a5f4b-b7dc-4cbc-ad0b-1295fdd971a8,UMEA 2025,bcaf11e1-0806-4b33-b19d-42a8338429f3,Bridgerland Band Invitational,2025-10-04T00:00:00,"USU Maverik Stadium (Logan, UT)",420df2d4-612d-48e4-a012-4ac4c70b2f49,4A Scholastic,420df2d4-612d-48e4-a012-4ac4c70b2f49,http://recaps.competitionsuite.com/420df2d4-612d-48e4-a012-4ac4c70b2f49.htm,f996ad2c-f771-48c4-8af8-85516c0782a7,Uintah,,UT,64.5,1
ff7a5f4b-b7dc-4cbc-ad0b-1295fdd971a8,UMEA 2025,bcaf11e1-0806-4b33-b19d-42a8338429f3,Bridgerland Band Invitational,2025-10-04T00:00:00,"USU Maverik Stadium (Logan, UT)",420df2d4-612d-48e4-a012-4ac4c70b2f49,4A Scholastic,420df2d4-612d-48e4-a012-4ac4c70b2f49,http://recaps.competitionsuite.com/420df2d4-612d-48e4-a012-4ac4c70b2f49.htm,85eb4d14-2aad-411c-a833-d8258ff21eb3,Deseret Peak,,,55.075,2
ff7a5f4b-b7dc-4cbc-ad0b-1295fdd971a8,UMEA 2025,bcaf11e1-0806-4b33-b19d-42a8338429f3,Bridgerland Band Invitational,2025-10-04T00:00:00,"USU Maverik Stadium (Logan, UT)",831bc0bb-a8d2-4a7a-aac3-5e3e6b78b049,4A Open,831bc0bb-a8d2-4a7a-aac3-5e3e6b78b049,http://recaps.competitionsuite.com/831bc0bb-a8d2-4a7a-aac3-5e3e6b78b049.htm,c6bc8850-08af-44cc-8050-6c5dc03e5dd7,Timberline,,ID,77.025,1
ff7a5f4b-b7dc-4cbc-ad0b-1295fdd971a8,UMEA 2025,bcaf11e1-0806-4b33-b19d-42a8338429f3,Bridgerland Band Invitational,2025-10-04T00:00:00,"USU Maverik Stadium (Logan, UT)",831bc0bb-a8d2-4a7a-aac3-5e3e6b78b049,4A Open,831bc0bb-a8d2-4a7a-aac3-5e3e6b78b049,http://recaps.competitionsuite.com/831bc0bb-a8d2-4a7a-aac3-5e3e6b78b049.htm,bffe2d39-fe51-4cf9-8234-ee3e5a7f2494,Ogden,,UT,76.7,2
ff7a5f4b-b7dc-4cbc-ad0b-1295fdd971a8,UMEA 2025,bcaf11e1-0806-4b33-b19d-42a8338429f3,Bridgerland Band Invitational,2025-10-04T00:00:00,"USU Maverik Stadium (Logan, UT)",831bc0bb-a8d2-4a7a-aac3-5e3e6b78b049,4A Open,831bc0bb-a8d2-4a7a-aac3-5e3e6b78b049,http://recaps.competitionsuite.com/831bc0bb-a8d2-4a7a-aac3-5e3e6b78b049.htm,6210cf3d-341a-4aa0-a43d-fdcd2ad87692,Mountain Crest,,UT,73.994,3
ff7a5f4b-b7dc-4cbc-ad0b-1295fdd971a8,UMEA 2025,bcaf11e1-0806-4b33-b19d-42a8338429f3,Bridgerland Band Invitational,2025-10-04T00:00:00,"USU Maverik Stadium (Logan, UT)",831bc0bb-a8d2-4a7a-aac3-5e3e6b78b049,4A Open,831bc0bb-a8d2-4a7a-aac3-5e3e6b78b049,http://recaps.competitionsuite.com/831bc0bb-a8d2-4a7a-aac3-5e3e6b78b049.htm,cd0b1f3d-820f-4e8a-9249-4cda46271a0a,Tooele,,UT,72.875,4
ff7a5f4b-b7dc-4cbc-ad0b-1295fdd971a8,UMEA 2025,bcaf11e1-0806-4b33-b19d-42a8338429f3,Bridgerland Band Invitational,2025-10-04T00:00:00,"USU Maverik Stadium (Logan, UT)",831bc0bb-a8d2-4a7a-aac3-5e3e6b78b049,4A Open,831bc0bb-a8d2-4a7a-aac3-5e3e6b78b049,http://recaps.competitionsuite.com/831bc0bb-a8d2-4a7a-aac3-5e3e6b78b049.htm,1786e0f1-bf2e-4382-8f9d-3c362a861f08,Highland,,ID,72.069,5
ff7a5f4b-b7dc-4cbc-ad0b-1295fdd971a8,UMEA 2025,bcaf11e1-0806-4b33-b19d-42a8338429f3,Bridgerland Band Invitational,2025-10-04T00:00:00,"USU Maverik Stadium (Logan, UT)",831bc0bb-a8d2-4a7a-aac3-5e3e6b78b049,4A Open,831bc0bb-a8d2-4a7a-aac3-5e3e6b78b049,http://recaps.competitionsuite.com/831bc0bb-a8d2-4a7a-aac3-5e3e6b78b049.htm,ced4f7e5-17a2-4aff-baed-9e3ea1ddca2d,Provo,,UT,70.325,6
ff7a5f4b-b7dc-4cbc-ad0b-1295fdd971a8,UMEA 2025,bcaf11e1-0806-4b33-b19d-42a8338429f3,Bridgerland Band Invitational,2025-10-04T00:00:00,"USU Maverik Stadium (Logan, UT)",831bc0bb-a8d2-4a7a-aac3-5e3e6b78b049,4A Open,831bc0bb-a8d2-4a7a-aac3-5e3e6b78b049,http://recaps.competitionsuite.com/831bc0bb-a8d2-4a7a-aac3-5e3e6b78b049.htm,b346da66-139d-4485-9785-534998aff86b,Ridgeline,,UT,70.325,6
ff7a5f4b-b7dc-4cbc-ad0b-1295fdd971a8,UMEA 2025,bcaf11e1-0806-4b33-b19d-42a8338429f3,Bridgerland Band Invitational,2025-10-04T00:00:00,"USU Maverik Stadium (Logan, UT)",831bc0bb-a8d2-4a7a-aac3-5e3e6b78b049,4A Open,831bc0bb-a8d2-4a7a-aac3-5e3e6b78b049,http://recaps.competitionsuite.com/831bc0bb-a8d2-4a7a-aac3-5e3e6b78b049.htm,49c74f3b-3c86-413c-b9f7-303830675734,Sky View,,UT,70.225,8
ff7a5f4b-b7dc-4cbc-ad0b-1295fdd971a8,UMEA 2025,bcaf11e1-0806-4b33-b19d-42a8338429f3,Bridgerland Band Invitational,2025-10-04T00:00:00,"USU Maverik Stadium (Logan, UT)",831bc0bb-a8d2-4a7a-aac3-5e3e6b78b049,4A Open,831bc0bb-a8d2-4a7a-aac3-5e3e6b78b049,http://recaps.competitionsuite.com/831bc0bb-a8d2-4a7a-aac3-5e3e6b78b049.htm,6a4b7f97-76d7-459e-be1d-7d1518f48646,Madison,,ID,69.263,9
ff7a5f4b-b7dc-4cbc-ad0b-1295fdd971a8,UMEA 2025,bcaf11e1-0806-4b33-b19d-42a8338429f3,Bridgerland Band Invitational,2025-10-04T00:00:00,"USU Maverik Stadium (Logan, UT)",fad599e3-393b-413c-879e-c3f708aae86c,6A Scholastic,fad599e3-393b-413c-879e-c3f708aae86c,http://recaps.competitionsuite.com/fad599e3-393b-413c-879e-c3f708aae86c.htm,a3aa8569-e558-443f-87b7-8ffd573c6aad,Bingham,,UT,81.375,1
ff7a5f4b-b7dc-4cbc-ad0b-1295fdd971a8,UMEA 2025,bcaf11e1-0806-4b33-b19d-42a8338429f3,Bridgerland Band Invitational,2025-10-04T00:00:00,"USU Maverik Stadium (Logan, UT)",fad599e3-393b-413c-879e-c3f708aae86c,6A Scholastic,fad599e3-393b-413c-879e-c3f708aae86c,http://recaps.competitionsuite.com/fad599e3-393b-413c-879e-c3f708aae86c.htm,2b83db00-ffce-4cd0-9006-139761c89b9f,Lone Peak,,UT,79.175,2
ff7a5f4b-b7dc-4cbc-ad0b-1295fdd971a8,UMEA 2025,bcaf11e1-0806-4b33-b19d-42a8338429f3,Bridgerland Band Invitational,2025-10-04T00:00:00,"USU Maverik Stadium (Logan, UT)",fad599e3-393b-413c-879e-c3f708aae86c,6A Scholastic,fad599e3-393b-413c-879e-c3f708aae86c,http://recaps.competitionsuite.com/fad599e3-393b-413c-879e-c3f708aae86c.htm,81f86710-2ff2-4027-a1c6-ff07bf58f883,Mountain Star,,,74.444,3
ff7a5f4b-b7dc-4cbc-ad0b-1295fdd971a8,UMEA 2025,bcaf11e1-0806-4b33-b19d-42a8338429f3,Bridgerland Band Invitational,2025-10-04T00:00:00,"USU Maverik Stadium (Logan, UT)",fad599e3-393b-413c-879e-c3f708aae86c,6A Scholastic,fad599e3-393b-413c-879e-c3f708aae86c,http://recaps.competitionsuite.com/fad599e3-393b-413c-879e-c3f708aae86c.htm,e215ba05-d89b-4fab-98a1-cd89cb544e36,Brighton,,,74.038,4
ff7a5f4b-b7dc-4cbc-ad0b-1295fdd971a8,UMEA 2025,bcaf11e1-0806-4b33-b19d-42a8338429f3,Bridgerland Band Invitational,2025-10-04T00:00:00,"USU Maverik Stadium (Logan, UT)",fad599e3-393b-413c-879e-c3f708aae86c,6A Scholastic,fad599e3-393b-413c-879e-c3f708aae86c,http://recaps.competitionsuite.com/fad599e3-393b-413c-879e-c3f708aae86c.htm,677b90c5-a543-4075-bdec-e30bb8fb8d65,Copper Hills,,UT,72.45,5
ff7a5f4b-b7dc-4cbc-ad0b-1295fdd971a8,UMEA 2025,bcaf11e1-0806-4b33-b19d-42a8338429f3,Bridgerland Band Invitational,2025-10-04T00:00:00,"USU Maverik Stadium (Logan, UT)",2be5b442-6247-44b9-966f-d980ca80527f,6A Open,2be5b442-6247-44b9-966f-d980ca80527f,http://recaps.competitionsuite.com/2be5b442-6247-44b9-966f-d980ca80527f.htm,e86a479d-9069-4b9f-9daa-ea94836b6097,Westlake,,UT,85.725,1
ff7a5f4b-b7dc-4cbc-ad0b-1295fdd971a8,UMEA 2025,bcaf11e1-0806-4b33-b19d-42a8338429f3,Bridgerland Band Invitational,2025-10-04T00:00:00,"USU Maverik Stadium (Logan, UT)",2be5b442-6247-44b9-966f-d980ca80527f,6A Open,2be5b442-6247-44b9-966f-d980ca80527f,http://recaps.competitionsuite.com/2be5b442-6247-44b9-966f-d980ca80527f.htm,38cac50b-caca-482e-8c84-755d5fc3b3b3,Davis,,UT,81.325,2
ff7a5f4b-b7dc-4cbc-ad0b-1295fdd971a8,UMEA 2025,bcaf11e1-0806-4b33-b19d-42a8338429f3,Bridgerland Band Invitational,2025-10-04T00:00:00,"USU Maverik Stadium (Logan, UT)",2be5b442-6247-44b9-966f-d980ca80527f,6A Open,2be5b442-6247-44b9-966f-d980ca80527f,http://recaps.competitionsuite.com/2be5b442-6247-44b9-966f-d980ca80527f.htm,e403b70f-8f42-4fdf-b2b4-fc4fcc420d16,Herriman,,UT,80.269,3
ff7a5f4b-b7dc-4cbc-ad0b-1295fdd971a8,UMEA 2025,593b2c84-9398-4b9e-84cb-41719083f6b6,Oquirrh Mountain Band Invitational,2025-09-27T00:00:00,"Herriman High School (Herriman, UT)",cf549eeb-825d-4835-a05d-c147dff98dd0,5A Scholastic,cf549eeb-825d-4835-a05d-c147dff98dd0,http://recaps.competitionsuite.com/cf549eeb-825d-4835-a05d-c147dff98dd0.htm,2c71669a-c4b3-49ee-b167-a98d8272ae22,Pleasant Grove,,UT,72.438,1
ff7a5f4b-b7dc-4cbc-ad0b-1295fdd971a8,UMEA 2025,593b2c84-9398-4b9e-84cb-41719083f6b6,Oquirrh Mountain Band Invitational,2025-09-27T00:00:00,"Herriman High School (Herriman, UT)",cf549eeb-825d-4835-a05d-c147dff98dd0,5A Scholastic,cf549eeb-825d-4835-a05d-c147dff98dd0,http://recaps.competitionsuite.com/cf549eeb-825d-4835-a05d-c147dff98dd0.htm,129d2190-d274-4707-9f2a-56071b3132f1,Clearfield,,,68.725,2
ff7a5f4b-b7dc-4cbc-ad0b-1295fdd971a8,UMEA 2025,593b2c84-9398-4b9e-84cb-41719083f6b6,Oquirrh Mountain Band Invitational,2025-09-27T00:00:00,"Herriman High School (Herriman, UT)",cf549eeb-825d-4835-a05d-c147dff98dd0,5A Scholastic,cf549eeb-825d-4835-a05d-c147dff98dd0,http://recaps.competitionsuite.com/cf549eeb-825d-4835-a05d-c147dff98dd0.htm,96ad2b62-3327-4dd8-8fcc-6df3604a83dd,Timpview,,UT,64.813,3
ff7a5f4b-b7dc-4cbc-ad0b-1295fdd971a8,UMEA 2025,593b2c84-9398-4b9e-84cb-41719083f6b6,Oquirrh Mountain Band Invitational,2025-09-27T00:00:00,"Herriman High School (Herriman, UT)",cf549eeb-825d-4835-a05d-c147dff98dd0,5A Scholastic,cf549eeb-825d-4835-a05d-c147dff98dd0,http://recaps.competitionsuite.com/cf549eeb-825d-4835-a05d-c147dff98dd0.htm,92937b70-4cad-423d-b87d-752e67d8e22d,Payson,,UT,63.088,4
ff7a5f4b-b7dc-4cbc-ad0b-1295fdd971a8,UMEA 2025,593b2c84-9398-4b9e-84cb-41719083f6b6,Oquirrh Mountain Band Invitational,2025-09-27T00:00:00,"Herriman High School (Herriman, UT)",cf549eeb-825d-4835-a05d-c147dff98dd0,5A Scholastic,cf549eeb-825d-4835-a05d-c147dff98dd0,http://recaps.competitionsuite.com/cf549eeb-825d-4835-a05d-c147dff98dd0.htm,f001f211-966b-4e97-b878-e55aa7260dd1,Springville,,UT,58.8,5
ff7a5f4b-b7dc-4cbc-ad0b-1295fdd971a8,UMEA 2025,593b2c84-9398-4b9e-84cb-41719083f6b6,Oquirrh Mountain Band Invitational,2025-09-27T00:00:00,"Herriman High School (Herriman, UT)",cf549eeb-825d-4835-a05d-c147dff98dd0,5A Scholastic,cf549eeb-825d-4835-a05d-c147dff98dd0,http://recaps.competitionsuite.com/cf549eeb-825d-4835-a05d-c147dff98dd0.htm,029d7bb8-a7f0-4a46-b4d3-1c70f390042b,Orem,,UT,58.038,6
ff7a5f4b-b7dc-4cbc-ad0b-1295fdd971a8,UMEA 2025,593b2c84-9398-4b9e-84cb-41719083f6b6,Oquirrh Mountain Band Invitational,2025-09-27T00:00:00,"Herriman High School (Herriman, UT)",cf549eeb-825d-4835-a05d-c147dff98dd0,5A Scholastic,cf549eeb-825d-4835-a05d-c147dff98dd0,http://recaps.competitionsuite.com/cf549eeb-825d-4835-a05d-c147dff98dd0.htm,900b863b-0240-4704-906c-4197c4e81735,West Jordan,,UT,56.725,7
ff7a5f4b-b7dc-4cbc-ad0b-1295fdd971a8,UMEA 2025,593b2c84-9398-4b9e-84cb-41719083f6b6,Oquirrh Mountain Band Invitational,2025-09-27T00:00:00,"Herriman High School (Herriman, UT)",cf549eeb-825d-4835-a05d-c147dff98dd0,5A Scholastic,cf549eeb-825d-4835-a05d-c147dff98dd0,http://recaps.competitionsuite.com/cf549eeb-825d-4835-a05d-c147dff98dd0.htm,9f7b1393-9291-4681-ab3c-5c19139847b3,Kearns,,UT,52.85,8
ff7a5f4b-b7dc-4cbc-ad0b-1295fdd971a8,UMEA 2025,593b2c84-9398-4b9e-84cb-41719083f6b6,Oquirrh Mountain Band Invitational,2025-09-27T00:00:00,"Herriman High School (Herriman, UT)",83cb52e6-8fb2-4691-b566-8d3ed3f2d5fa,5A Open,83cb52e6-8fb2-4691-b566-8d3ed3f2d5fa,http://recaps.competitionsuite.com/83cb52e6-8fb2-4691-b566-8d3ed3f2d5fa.htm,f7baa5cc-7b97-47a1-941d-bee3a82202f6,Green Canyon,,,80.763,1
ff7a5f4b-b7dc-4cbc-ad0b-1295fdd971a8,UMEA 2025,593b2c84-9398-4b9e-84cb-41719083f6b6,Oquirrh Mountain Band Invitational,2025-09-27T00:00:00,"Herriman High School (Herriman, UT)",83cb52e6-8fb2-4691-b566-8d3ed3f2d5fa,5A Open,83cb52e6-8fb2-4691-b566-8d3ed3f2d5fa,http://recaps.competitionsuite.com/83cb52e6-8fb2-4691-b566-8d3ed3f2d5fa.htm,e044f353-6f51-40f5-9706-905c062e4009,Maple Mountain,,UT,77.175,2
ff7a5f4b-b7dc-4cbc-ad0b-1295fdd971a8,UMEA 2025,593b2c84-9398-4b9e-84cb-41719083f6b6,Oquirrh Mountain Band Invitational,2025-09-27T00:00:00,"Herriman High School (Herriman, UT)",83cb52e6-8fb2-4691-b566-8d3ed3f2d5fa,5A Open,83cb52e6-8fb2-4691-b566-8d3ed3f2d5fa,http://recaps.competitionsuite.com/83cb52e6-8fb2-4691-b566-8d3ed3f2d5fa.htm,819ec235-e73e-4e59-b903-ce04b5bfdd03,Salem Hills,,UT,71.863,3
ff7a5f4b-b7dc-4cbc-ad0b-1295fdd971a8,UMEA 2025,593b2c84-9398-4b9e-84cb-41719083f6b6,Oquirrh Mountain Band Invitational,2025-09-27T00:00:00,"Herriman High School (Herriman, UT)",cdbc23c3-67a7-4c8f-aa09-f20a0d744162,3A,cdbc23c3-67a7-4c8f-aa09-f20a0d744162,http://recaps.competitionsuite.com/cdbc23c3-67a7-4c8f-aa09-f20a0d744162.htm,3abae761-d92c-4d8c-99ea-068008c70f71,Carbon,,UT,59.763,1
ff7a5f4b-b7dc-4cbc-ad0b-1295fdd971a8,UMEA 2025,593b2c84-9398-4b9e-84cb-41719083f6b6,Oquirrh Mountain Band Invitational,2025-09-27T00:00:00,"Herriman High School (Herriman, UT)",cdbc23c3-67a7-4c8f-aa09-f20a0d744162,3A,cdbc23c3-67a7-4c8f-aa09-f20a0d744162,http://recaps.competitionsuite.com/cdbc23c3-67a7-4c8f-aa09-f20a0d744162.htm,4e8f8e76-6fae-4959-85db-d12bf688bd54,Delta,,UT,55.338,2
ff7a5f4b-b7dc-4cbc-ad0b-1295fdd971a8,UMEA 2025,593b2c84-9398-4b9e-84cb-41719083f6b6,Oquirrh Mountain Band Invitational,2025-09-27T00:00:00,"Herriman High School (Herriman, UT)",75f1a7f6-5efa-4c74-aa4d-0c77ec76cb42,4A Scholastic,75f1a7f6-5efa-4c74-aa4d-0c77ec76cb42,http://recaps.competitionsuite.com/75f1a7f6-5efa-4c74-aa4d-0c77ec76cb42.htm,182c2495-5c17-49df-b0c3-141460178161,Uintah,,UT,56.95,1
ff7a5f4b-b7dc-4cbc-ad0b-1295fdd971a8,UMEA 2025,593b2c84-9398-4b9e-84cb-41719083f6b6,Oquirrh Mountain Band Invitational,2025-09-27T00:00:00,"Herriman High School (Herriman, UT)",75f1a7f6-5efa-4c74-aa4d-0c77ec76cb42,4A Scholastic,75f1a7f6-5efa-4c74-aa4d-0c77ec76cb42,http://recaps.competitionsuite.com/75f1a7f6-5efa-4c74-aa4d-0c77ec76cb42.htm,86ccace6-3272-4a3d-b4e3-ce4fb4ed4612,Stansbury,,UT,56.738,2
ff7a5f4b-b7dc-4cbc-ad0b-1295fdd971a8,UMEA 2025,593b2c84-9398-4b9e-84cb-41719083f6b6,Oquirrh Mountain Band Invitational,2025-09-27T00:00:00,"Herriman High School (Herriman, UT)",75f1a7f6-5efa-4c74-aa4d-0c77ec76cb42,4A Scholastic,75f1a7f6-5efa-4c74-aa4d-0c77ec76cb42,http://recaps.competitionsuite.com/75f1a7f6-5efa-4c74-aa4d-0c77ec76cb42.htm,56d70072-3360-4da1-8946-434b72f73e46,Deseret Peak,,,50.675,3
ff7a5f4b-b7dc-4cbc-ad0b-1295fdd971a8,UMEA 2025,593b2c84-9398-4b9e-84cb-41719083f6b6,Oquirrh Mountain Band Invitational,2025-09-27T00:00:00,"Herriman High School (Herriman, UT)",e4dfbb72-3b5c-4bbe-8eb6-745abdfc3bfd,4A Open,e4dfbb72-3b5c-4bbe-8eb6-745abdfc3bfd,http://recaps.competitionsuite.com/e4dfbb72-3b5c-4bbe-8eb6-745abdfc3bfd.htm,9f09b61f-5baf-4957-9c91-c1b95731792a,Ogden,,UT,76.363,1
ff7a5f4b-b7dc-4cbc-ad0b-1295fdd971a8,UMEA 2025,593b2c84-9398-4b9e-84cb-41719083f6b6,Oquirrh Mountain Band Invitational,2025-09-27T00:00:00,"Herriman High School (Herriman, UT)",e4dfbb72-3b5c-4bbe-8eb6-745abdfc3bfd,4A Open,e4dfbb72-3b5c-4bbe-8eb6-745abdfc3bfd,http://recaps.competitionsuite.com/e4dfbb72-3b5c-4bbe-8eb6-745abdfc3bfd.htm,a1ba8c4b-46ae-4def-bb33-579b5da487af,Mountain Crest,,UT,71.063,2
ff7a5f4b-b7dc-4cbc-ad0b-1295fdd971a8,UMEA 2025,593b2c84-9398-4b9e-84cb-41719083f6b6,Oquirrh Mountain Band Invitational,2025-09-27T00:00:00,"Herriman High School (Herriman, UT)",e4dfbb72-3b5c-4bbe-8eb6-745abdfc3bfd,4A Open,e4dfbb72-3b5c-4bbe-8eb6-745abdfc3bfd,http://recaps.competitionsuite.com/e4dfbb72-3b5c-4bbe-8eb6-745abdfc3bfd.htm,14ddac07-48d6-4de9-ba71-78a46f4e630d,Ridgeline,,UT,67.788,3
ff7a5f4b-b7dc-4cbc-ad0b-1295fdd971a8,UMEA 2025,593b2c84-9398-4b9e-84cb-41719083f6b6,Oquirrh Mountain Band Invitational,2025-09-27T00:00:00,"Herriman High School (Herriman, UT)",e4dfbb72-3b5c-4bbe-8eb6-745abdfc3bfd,4A Open,e4dfbb72-3b5c-4bbe-8eb6-745abdfc3bfd,http://recaps.competitionsuite.com/e4dfbb72-3b5c-4bbe-8eb6-745abdfc3bfd.htm,f06558a0-5206-4471-ba40-3a1748848529,Sky View,,UT,66.463,4
ff7a5f4b-b7dc-4cbc-ad0b-1295fdd971a8,UMEA 2025,593b2c84-9398-4b9e-84cb-41719083f6b6,Oquirrh Mountain Band Invitational,2025-09-27T00:00:00,"Herriman High School (Herriman, UT)",e4dfbb72-3b5c-4bbe-8eb6-745abdfc3bfd,4A Open,e4dfbb72-3b5c-4bbe-8eb6-745abdfc3bfd,http://recaps.competitionsuite.com/e4dfbb72-3b5c-4bbe-8eb6-745abdfc3bfd.htm,d06b624f-f861-40c0-a65d-e413627697df,Bear River,,UT,51.375,5
ff7a5f4b-b7dc-4cbc-ad0b-1295fdd971a8,UMEA 2025,593b2c84-9398-4b9e-84cb-41719083f6b6,Oquirrh Mountain Band Invitational,2025-09-27T00:00:00,"Herriman High School (Herriman, UT)",69496026-55bc-478a-948a-152e15006686,6A Scholastic,69496026-55bc-478a-948a-152e15006686,http://recaps.competitionsuite.com/69496026-55bc-478a-948a-152e15006686.htm,d0094daa-25ab-4ba3-baff-8240ed83c210,Lone Peak,,UT,80.125,1
ff7a5f4b-b7dc-4cbc-ad0b-1295fdd971a8,UMEA 2025,593b2c84-9398-4b9e-84cb-41719083f6b6,Oquirrh Mountain Band Invitational,2025-09-27T00:00:00,"Herriman High School (Herriman, UT)",69496026-55bc-478a-948a-152e15006686,6A Scholastic,69496026-55bc-478a-948a-152e15006686,http://recaps.competitionsuite.com/69496026-55bc-478a-948a-152e15006686.htm,eb4fc79e-c13e-40e3-a5b2-248002aa9ab4,Riverton,,UT,77.213,2
ff7a5f4b-b7dc-4cbc-ad0b-1295fdd971a8,UMEA 2025,593b2c84-9398-4b9e-84cb-41719083f6b6,Oquirrh Mountain Band Invitational,2025-09-27T00:00:00,"Herriman High School (Herriman, UT)",69496026-55bc-478a-948a-152e15006686,6A Scholastic,69496026-55bc-478a-948a-152e15006686,http://recaps.competitionsuite.com/69496026-55bc-478a-948a-152e15006686.htm,f6c7ec85-b9c5-4f1e-b992-f3f1cce303f8,Bingham,,UT,76.938,3
ff7a5f4b-b7dc-4cbc-ad0b-1295fdd971a8,UMEA 2025,593b2c84-9398-4b9e-84cb-41719083f6b6,Oquirrh Mountain Band Invitational,2025-09-27T00:00:00,"Herriman High School (Herriman, UT)",69496026-55bc-478a-948a-152e15006686,6A Scholastic,69496026-55bc-478a-948a-152e15006686,http://recaps.competitionsuite.com/69496026-55bc-478a-948a-152e15006686.htm,a4e6ffa0-539d-49de-9582-41e12474cd48,Mountain Ridge,,,75.888,4
ff7a5f4b-b7dc-4cbc-ad0b-1295fdd971a8,UMEA 2025,593b2c84-9398-4b9e-84cb-41719083f6b6,Oquirrh Mountain Band Invitational,2025-09-27T00:00:00,"Herriman High School (Herriman, UT)",69496026-55bc-478a-948a-152e15006686,6A Scholastic,69496026-55bc-478a-948a-152e15006686,http://recaps.competitionsuite.com/69496026-55bc-478a-948a-152e15006686.htm,23ed52ed-fa31-4b26-afea-34661e162075,Copper Hills,,UT,72.163,5
ff7a5f4b-b7dc-4cbc-ad0b-1295fdd971a8,UMEA 2025,593b2c84-9398-4b9e-84cb-41719083f6b6,Oquirrh Mountain Band Invitational,2025-09-27T00:00:00,"Herriman High School (Herriman, UT)",69496026-55bc-478a-948a-152e15006686,6A Scholastic,69496026-55bc-478a-948a-152e15006686,http://recaps.competitionsuite.com/69496026-55bc-478a-948a-152e15006686.htm,bc25d789-71dc-4a8d-85a6-f18d46754913,Brighton,,,72.113,6
ff7a5f4b-b7dc-4cbc-ad0b-1295fdd971a8,UMEA 2025,593b2c84-9398-4b9e-84cb-41719083f6b6,Oquirrh Mountain Band Invitational,2025-09-27T00:00:00,"Herriman High School (Herriman, UT)",69496026-55bc-478a-948a-152e15006686,6A Scholastic,69496026-55bc-478a-948a-152e15006686,http://recaps.competitionsuite.com/69496026-55bc-478a-948a-152e15006686.htm,16649200-c144-419d-af18-6ff0db98f8fe,Mountain Star,,,69.238,7
ff7a5f4b-b7dc-4cbc-ad0b-1295fdd971a8,UMEA 2025,593b2c84-9398-4b9e-84cb-41719083f6b6,Oquirrh Mountain Band Invitational,2025-09-27T00:00:00,"Herriman High School (Herriman, UT)",f90fd983-7e68-494c-86f2-c6987c2e9e84,6A Open,f90fd983-7e68-494c-86f2-c6987c2e9e84,http://recaps.competitionsuite.com/f90fd983-7e68-494c-86f2-c6987c2e9e84.htm,7526af3a-d046-4e7c-832b-1283c2a43829,American Fork,,UT,89.038,1
ff7a5f4b-b7dc-4cbc-ad0b-1295fdd971a8,UMEA 2025,593b2c84-9398-4b9e-84cb-41719083f6b6,Oquirrh Mountain Band Invitational,2025-09-27T00:00:00,"Herriman High School (Herriman, UT)",f90fd983-7e68-494c-86f2-c6987c2e9e84,6A Open,f90fd983-7e68-494c-86f2-c6987c2e9e84,http://recaps.competitionsuite.com/f90fd983-7e68-494c-86f2-c6987c2e9e84.htm,e03ac689-2e4b-4abd-b8ad-17dae5b5c80f,Skyridge,,UT,84.9,2
ff7a5f4b-b7dc-4cbc-ad0b-1295fdd971a8,UMEA 2025,593b2c84-9398-4b9e-84cb-41719083f6b6,Oquirrh Mountain Band Invitational,2025-09-27T00:00:00,"Herriman High School (Herriman, UT)",f90fd983-7e68-494c-86f2-c6987c2e9e84,6A Open,f90fd983-7e68-494c-86f2-c6987c2e9e84,http://recaps.competitionsuite.com/f90fd983-7e68-494c-86f2-c6987c2e9e84.htm,3abd0173-9e7b-48b3-a191-191bfb3cd094,Cedar Valley,,,84.1,3
ff7a5f4b-b7dc-4cbc-ad0b-1295fdd971a8,UMEA 2025,593b2c84-9398-4b9e-84cb-41719083f6b6,Oquirrh Mountain Band Invitational,2025-09-27T00:00:00,"Herriman High School (Herriman, UT)",f90fd983-7e68-494c-86f2-c6987c2e9e84,6A Open,f90fd983-7e68-494c-86f2-c6987c2e9e84,http://recaps.competitionsuite.com/f90fd983-7e68-494c-86f2-c6987c2e9e84.htm,97e30018-e95b-4c8e-a252-47c4e53cf4e2,Herriman,,UT,80.163,4
ff7a5f4b-b7dc-4cbc-ad0b-1295fdd971a8,UMEA 2025,593b2c84-9398-4b9e-84cb-41719083f6b6,Oquirrh Mountain Band Invitational,2025-09-27T00:00:00,"Herriman High School (Herriman, UT)",f90fd983-7e68-494c-86f2-c6987c2e9e84,6A Open,f90fd983-7e68-494c-86f2-c6987c2e9e84,http://recaps.competitionsuite.com/f90fd983-7e68-494c-86f2-c6987c2e9e84.htm,2ba2c287-49bb-41d9-9d85-4559c8113745,Farmington,,,78.838,5
ff7a5f4b-b7dc-4cbc-ad0b-1295fdd971a8,UMEA 2025,312cc8fd-5a85-4065-812d-44d26d16a841,Nebo Tournament of Bands,2025-09-20T00:00:00,"Payson High School (Payson, UT)",9047660e-7144-42c6-ad26-e296afa05d0b,5A Scholastic,9047660e-7144-42c6-ad26-e296afa05d0b,http://recaps.competitionsuite.com/9047660e-7144-42c6-ad26-e296afa05d0b.htm,6bf3d221-c244-4c44-b037-669f76728eca,Pleasant Grove,,UT,76.1,1
ff7a5f4b-b7dc-4cbc-ad0b-1295fdd971a8,UMEA 2025,312cc8fd-5a85-4065-812d-44d26d16a841,Nebo Tournament of Bands,2025-09-20T00:00:00,"Payson High School (Payson, UT)",9047660e-7144-42c6-ad26-e296afa05d0b,5A Scholastic,9047660e-7144-42c6-ad26-e296afa05d0b,http://recaps.competitionsuite.com/9047660e-7144-42c6-ad26-e296afa05d0b.htm,704f76ae-7569-47d0-90ad-37949fab8ea1,Springville,,UT,71.9,2
ff7a5f4b-b7dc-4cbc-ad0b-1295fdd971a8,UMEA 2025,312cc8fd-5a85-4065-812d-44d26d16a841,Nebo Tournament of Bands,2025-09-20T00:00:00,"Payson High School (Payson, UT)",9047660e-7144-42c6-ad26-e296afa05d0b,5A Scholastic,9047660e-7144-42c6-ad26-e296afa05d0b,http://recaps.competitionsuite.com/9047660e-7144-42c6-ad26-e296afa05d0b.htm,2a65988a-9491-4464-a4db-eeac28998446,Wasatch,Heber,UT,71.138,3
ff7a5f4b-b7dc-4cbc-ad0b-1295fdd971a8,UMEA 2025,312cc8fd-5a85-4065-812d-44d26d16a841,Nebo Tournament of Bands,2025-09-20T00:00:00,"Payson High School (Payson, UT)",9047660e-7144-42c6-ad26-e296afa05d0b,5A Scholastic,9047660e-7144-42c6-ad26-e296afa05d0b,http://recaps.competitionsuite.com/9047660e-7144-42c6-ad26-e296afa05d0b.htm,3afe6f42-ed2f-4f13-b062-99208c569b43,Orem,,UT,67.288,4
ff7a5f4b-b7dc-4cbc-ad0b-1295fdd971a8,UMEA 2025,312cc8fd-5a85-4065-812d-44d26d16a841,Nebo Tournament of Bands,2025-09-20T00:00:00,"Payson High School (Payson, UT)",9047660e-7144-42c6-ad26-e296afa05d0b,5A Scholastic,9047660e-7144-42c6-ad26-e296afa05d0b,http://recaps.competitionsuite.com/9047660e-7144-42c6-ad26-e296afa05d0b.htm,a987e2be-46bd-421e-931b-dee1976bc6ae,Timpview,,UT,66.913,5
ff7a5f4b-b7dc-4cbc-ad0b-1295fdd971a8,UMEA 2025,312cc8fd-5a85-4065-812d-44d26d16a841,Nebo Tournament of Bands,2025-09-20T00:00:00,"Payson High School (Payson, UT)",9047660e-7144-42c6-ad26-e296afa05d0b,5A Scholastic,9047660e-7144-42c6-ad26-e296afa05d0b,http://recaps.competitionsuite.com/9047660e-7144-42c6-ad26-e296afa05d0b.htm,c1efebc0-55d3-47d8-bd38-ba20d6feaa2c,Spanish Fork,,UT,63.65,6
ff7a5f4b-b7dc-4cbc-ad0b-1295fdd971a8,UMEA 2025,312cc8fd-5a85-4065-812d-44d26d16a841,Nebo Tournament of Bands,2025-09-20T00:00:00,"Payson High School (Payson, UT)",9047660e-7144-42c6-ad26-e296afa05d0b,5A Scholastic,9047660e-7144-42c6-ad26-e296afa05d0b,http://recaps.competitionsuite.com/9047660e-7144-42c6-ad26-e296afa05d0b.htm,0cf16f43-5523-4b18-a5f9-b370804911b5,Payson,,UT,59.35,7
ff7a5f4b-b7dc-4cbc-ad0b-1295fdd971a8,UMEA 2025,312cc8fd-5a85-4065-812d-44d26d16a841,Nebo Tournament of Bands,2025-09-20T00:00:00,"Payson High School (Payson, UT)",9047660e-7144-42c6-ad26-e296afa05d0b,5A Scholastic,9047660e-7144-42c6-ad26-e296afa05d0b,http://recaps.competitionsuite.com/9047660e-7144-42c6-ad26-e296afa05d0b.htm,ca988bcf-5f41-4a6c-ae72-be55a0e95bc6,Kearns,,UT,57.988,8
ff7a5f4b-b7dc-4cbc-ad0b-1295fdd971a8,UMEA 2025,312cc8fd-5a85-4065-812d-44d26d16a841,Nebo Tournament of Bands,2025-09-20T00:00:00,"Payson High School (Payson, UT)",d42e153f-1b40-463f-ab90-1f2bfd692d0a,5A Open,d42e153f-1b40-463f-ab90-1f2bfd692d0a,http://recaps.competitionsuite.com/d42e153f-1b40-463f-ab90-1f2bfd692d0a.htm,c8d82072-61d3-42fd-a143-d89c56f0eb4f,Green Canyon,,,81.788,1
ff7a5f4b-b7dc-4cbc-ad0b-1295fdd971a8,UMEA 2025,312cc8fd-5a85-4065-812d-44d26d16a841,Nebo Tournament of Bands,2025-09-20T00:00:00,"Payson High School (Payson, UT)",d42e153f-1b40-463f-ab90-1f2bfd692d0a,5A Open,d42e153f-1b40-463f-ab90-1f2bfd692d0a,http://recaps.competitionsuite.com/d42e153f-1b40-463f-ab90-1f2bfd692d0a.htm,e5af8c68-c9c5-4f5e-9714-24d5b9eb0a9b,Maple Mountain,,UT,78.775,2
ff7a5f4b-b7dc-4cbc-ad0b-1295fdd971a8,UMEA 2025,312cc8fd-5a85-4065-812d-44d26d16a841,Nebo Tournament of Bands,2025-09-20T00:00:00,"Payson High School (Payson, UT)",d42e153f-1b40-463f-ab90-1f2bfd692d0a,5A Open,d42e153f-1b40-463f-ab90-1f2bfd692d0a,http://recaps.competitionsuite.com/d42e153f-1b40-463f-ab90-1f2bfd692d0a.htm,e83560c1-b9f4-4ceb-9f81-b5b620f59800,Salem Hills,,UT,71.625,3
ff7a5f4b-b7dc-4cbc-ad0b-1295fdd971a8,UMEA 2025,312cc8fd-5a85-4065-812d-44d26d16a841,Nebo Tournament of Bands,2025-09-20T00:00:00,"Payson High School (Payson, UT)",a24fda27-6845-42e2-9f78-7c2679b25a65,3A,a24fda27-6845-42e2-9f78-7c2679b25a65,http://recaps.competitionsuite.com/a24fda27-6845-42e2-9f78-7c2679b25a65.htm,4f9e277b-373d-457a-85b0-d30c8248e3b3,Delta,,UT,62.788,1
ff7a5f4b-b7dc-4cbc-ad0b-1295fdd971a8,UMEA 2025,312cc8fd-5a85-4065-812d-44d26d16a841,Nebo Tournament of Bands,2025-09-20T00:00:00,"Payson High School (Payson, UT)",a24fda27-6845-42e2-9f78-7c2679b25a65,3A,a24fda27-6845-42e2-9f78-7c2679b25a65,http://recaps.competitionsuite.com/a24fda27-6845-42e2-9f78-7c2679b25a65.htm,444e9796-8753-4957-9137-1c83b19c90ca,Carbon,,UT,61.788,2
ff7a5f4b-b7dc-4cbc-ad0b-1295fdd971a8,UMEA 2025,312cc8fd-5a85-4065-812d-44d26d16a841,Nebo Tournament of Bands,2025-09-20T00:00:00,"Payson High School (Payson, UT)",5246a327-37ed-4c73-9867-06d01056fd63,4A Scholastic,5246a327-37ed-4c73-9867-06d01056fd63,http://recaps.competitionsuite.com/5246a327-37ed-4c73-9867-06d01056fd63.htm,583607f4-b5bb-4d25-965a-8a6ccacbb71f,Uintah,,UT,66.538,1
ff7a5f4b-b7dc-4cbc-ad0b-1295fdd971a8,UMEA 2025,312cc8fd-5a85-4065-812d-44d26d16a841,Nebo Tournament of Bands,2025-09-20T00:00:00,"Payson High School (Payson, UT)",5246a327-37ed-4c73-9867-06d01056fd63,4A Scholastic,5246a327-37ed-4c73-9867-06d01056fd63,http://recaps.competitionsuite.com/5246a327-37ed-4c73-9867-06d01056fd63.htm,13aa9d96-4814-42c3-9a10-e89baf45a9cc,Timpanogos,,UT,64.25,2
ff7a5f4b-b7dc-4cbc-ad0b-1295fdd971a8,UMEA 2025,312cc8fd-5a85-4065-812d-44d26d16a841,Nebo Tournament of Bands,2025-09-20T00:00:00,"Payson High School (Payson, UT)",5246a327-37ed-4c73-9867-06d01056fd63,4A Scholastic,5246a327-37ed-4c73-9867-06d01056fd63,http://recaps.competitionsuite.com/5246a327-37ed-4c73-9867-06d01056fd63.htm,818bbcfd-b29a-4eaf-bbcd-0050b045580d,Deseret Peak,,,57.2,3
ff7a5f4b-b7dc-4cbc-ad0b-1295fdd971a8,UMEA 2025,312cc8fd-5a85-4065-812d-44d26d16a841,Nebo Tournament of Bands,2025-09-20T00:00:00,"Payson High School (Payson, UT)",16a3e901-a5ae-4de7-80d3-0d4d8048dcde,4A Open,16a3e901-a5ae-4de7-80d3-0d4d8048dcde,http://recaps.competitionsuite.com/16a3e901-a5ae-4de7-80d3-0d4d8048dcde.htm,dab7aee9-f629-498b-bce7-9709382c0bf9,Tooele,,UT,72.938,1
ff7a5f4b-b7dc-4cbc-ad0b-1295fdd971a8,UMEA 2025,312cc8fd-5a85-4065-812d-44d26d16a841,Nebo Tournament of Bands,2025-09-20T00:00:00,"Payson High School (Payson, UT)",16a3e901-a5ae-4de7-80d3-0d4d8048dcde,4A Open,16a3e901-a5ae-4de7-80d3-0d4d8048dcde,http://recaps.competitionsuite.com/16a3e901-a5ae-4de7-80d3-0d4d8048dcde.htm,c3108c0f-ac4c-4a6b-a511-20117739fa17,Ridgeline,,UT,70.913,2
ff7a5f4b-b7dc-4cbc-ad0b-1295fdd971a8,UMEA 2025,312cc8fd-5a85-4065-812d-44d26d16a841,Nebo Tournament of Bands,2025-09-20T00:00:00,"Payson High School (Payson, UT)",16a3e901-a5ae-4de7-80d3-0d4d8048dcde,4A Open,16a3e901-a5ae-4de7-80d3-0d4d8048dcde,http://recaps.competitionsuite.com/16a3e901-a5ae-4de7-80d3-0d4d8048dcde.htm,677f7ba9-0bea-48ea-8301-5a26e214d88e,Provo,,UT,69.313,3
ff7a5f4b-b7dc-4cbc-ad0b-1295fdd971a8,UMEA 2025,312cc8fd-5a85-4065-812d-44d26d16a841,Nebo Tournament of Bands,2025-09-20T00:00:00,"Payson High School (Payson, UT)",16a3e901-a5ae-4de7-80d3-0d4d8048dcde,4A Open,16a3e901-a5ae-4de7-80d3-0d4d8048dcde,http://recaps.competitionsuite.com/16a3e901-a5ae-4de7-80d3-0d4d8048dcde.htm,92a23844-33ad-40ff-9123-3f18fa8cbe37,Sky View,,UT,67.463,4
ff7a5f4b-b7dc-4cbc-ad0b-1295fdd971a8,UMEA 2025,312cc8fd-5a85-4065-812d-44d26d16a841,Nebo Tournament of Bands,2025-09-20T00:00:00,"Payson High School (Payson, UT)",1bd16cd4-69f8-48b6-b104-40bbb6300423,6A Scholastic,1bd16cd4-69f8-48b6-b104-40bbb6300423,http://recaps.competitionsuite.com/1bd16cd4-69f8-48b6-b104-40bbb6300423.htm,602fd6c6-05bc-4f1f-88fc-7e7d97fd714e,Lone Peak,,UT,84.325,1
ff7a5f4b-b7dc-4cbc-ad0b-1295fdd971a8,UMEA 2025,312cc8fd-5a85-4065-812d-44d26d16a841,Nebo Tournament of Bands,2025-09-20T00:00:00,"Payson High School (Payson, UT)",1bd16cd4-69f8-48b6-b104-40bbb6300423,6A Scholastic,1bd16cd4-69f8-48b6-b104-40bbb6300423,http://recaps.competitionsuite.com/1bd16cd4-69f8-48b6-b104-40bbb6300423.htm,4aa9078a-f2e7-4a39-b003-636920683615,Riverton,,UT,81.288,2
ff7a5f4b-b7dc-4cbc-ad0b-1295fdd971a8,UMEA 2025,312cc8fd-5a85-4065-812d-44d26d16a841,Nebo Tournament of Bands,2025-09-20T00:00:00,"Payson High School (Payson, UT)",1bd16cd4-69f8-48b6-b104-40bbb6300423,6A Scholastic,1bd16cd4-69f8-48b6-b104-40bbb6300423,http://recaps.competitionsuite.com/1bd16cd4-69f8-48b6-b104-40bbb6300423.htm,ff7eb316-74cc-48c3-847a-0b30df17be27,Lehi,,UT,78.7,3
ff7a5f4b-b7dc-4cbc-ad0b-1295fdd971a8,UMEA 2025,312cc8fd-5a85-4065-812d-44d26d16a841,Nebo Tournament of Bands,2025-09-20T00:00:00,"Payson High School (Payson, UT)",1bd16cd4-69f8-48b6-b104-40bbb6300423,6A Scholastic,1bd16cd4-69f8-48b6-b104-40bbb6300423,http://recaps.competitionsuite.com/1bd16cd4-69f8-48b6-b104-40bbb6300423.htm,6aa4d165-67da-4dd9-a3ec-8e0f67a117f7,Brighton,,,76.888,4
ff7a5f4b-b7dc-4cbc-ad0b-1295fdd971a8,UMEA 2025,312cc8fd-5a85-4065-812d-44d26d16a841,Nebo Tournament of Bands,2025-09-20T00:00:00,"Payson High School (Payson, UT)",1bd16cd4-69f8-48b6-b104-40bbb6300423,6A Scholastic,1bd16cd4-69f8-48b6-b104-40bbb6300423,http://recaps.competitionsuite.com/1bd16cd4-69f8-48b6-b104-40bbb6300423.htm,fc6ed8c2-b097-46e8-bbb2-f4d25c5244a1,Copper Hills,,UT,76.438,5
ff7a5f4b-b7dc-4cbc-ad0b-1295fdd971a8,UMEA 2025,312cc8fd-5a85-4065-812d-44d26d16a841,Nebo Tournament of Bands,2025-09-20T00:00:00,"Payson High School (Payson, UT)",1bd16cd4-69f8-48b6-b104-40bbb6300423,6A Scholastic,1bd16cd4-69f8-48b6-b104-40bbb6300423,http://recaps.competitionsuite.com/1bd16cd4-69f8-48b6-b104-40bbb6300423.htm,e1cf0544-d849-4926-9d4b-e73f767f62ef,Mountain Star,,,74.575,6
ff7a5f4b-b7dc-4cbc-ad0b-1295fdd971a8,UMEA 2025,312cc8fd-5a85-4065-812d-44d26d16a841,Nebo Tournament of Bands,2025-09-20T00:00:00,"Payson High School (Payson, UT)",3df0ee52-aad2-458d-9bc0-a2b64799b3f2,6A Open,3df0ee52-aad2-458d-9bc0-a2b64799b3f2,http://recaps.competitionsuite.com/3df0ee52-aad2-458d-9bc0-a2b64799b3f2.htm,be8b69e0-8419-4f1c-990c-b9486fa184e2,American Fork,,UT,89.725,1
ff7a5f4b-b7dc-4cbc-ad0b-1295fdd971a8,UMEA 2025,312cc8fd-5a85-4065-812d-44d26d16a841,Nebo Tournament of Bands,2025-09-20T00:00:00,"Payson High School (Payson, UT)",3df0ee52-aad2-458d-9bc0-a2b64799b3f2,6A Open,3df0ee52-aad2-458d-9bc0-a2b64799b3f2,http://recaps.competitionsuite.com/3df0ee52-aad2-458d-9bc0-a2b64799b3f2.htm,3ea40e96-1e42-40fe-a577-c6927dbb5c22,Cedar Valley,,,86.825,2
ff7a5f4b-b7dc-4cbc-ad0b-1295fdd971a8,UMEA 2025,312cc8fd-5a85-4065-812d-44d26d16a841,Nebo Tournament of Bands,2025-09-20T00:00:00,"Payson High School (Payson, UT)",3df0ee52-aad2-458d-9bc0-a2b64799b3f2,6A Open,3df0ee52-aad2-458d-9bc0-a2b64799b3f2,http://recaps.competitionsuite.com/3df0ee52-aad2-458d-9bc0-a2b64799b3f2.htm,c6fa8107-fbab-4030-8242-0ef4c2753c7b,Westlake,,UT,85.8,3
ff7a5f4b-b7dc-4cbc-ad0b-1295fdd971a8,UMEA 2025,312cc8fd-5a85-4065-812d-44d26d16a841,Nebo Tournament of Bands,2025-09-20T00:00:00,"Payson High School (Payson, UT)",3df0ee52-aad2-458d-9bc0-a2b64799b3f2,6A Open,3df0ee52-aad2-458d-9bc0-a2b64799b3f2,http://recaps.competitionsuite.com/3df0ee52-aad2-458d-9bc0-a2b64799b3f2.htm,32f47ac5-7b3a-40c8-b47a-9f8518d1dd1e,Davis,,UT,83.7,4
