season_guid,season_name,competition_guid,competition_name,competition_date,competition_location,competition_recap_url,division_guid,division_name,round_guid,round_full_recap_url,round_category_recap_url,performance_guid,band_name,city,state,score,rank
6d7e8a01-34fb-49c0-bfab-8b62c8f19930,2024 Utah Marching Band,4eb9848c-35b0-40de-a8a2-69c8f13e2489,UMEA Red Rocks State Marching Band Championships,2022-11-04T00:00:00,"Crimson Cliffs High School; Washington, UT",,88de7ca1-2fc6-47ff-8675-ef49b14fa4d2,3A,88de7ca1-2fc6-47ff-8675-ef49b14fa4d2,http://recaps.competitionsuite.com/88de7ca1-2fc6-47ff-8675-ef49b14fa4d2.htm,,81e29f9a-cf61-4b4b-a200-f049108196b8,Ogden,,UT,70.075,1
6d7e8a01-34fb-49c0-bfab-8b62c8f19930,2024 Utah Marching Band,4eb9848c-35b0-40de-a8a2-69c8f13e2489,UMEA Red Rocks State Marching Band Championships,2022-11-04T00:00:00,"Crimson Cliffs High School; Washington, UT",,88de7ca1-2fc6-47ff-8675-ef49b14fa4d2,3A,88de7ca1-2fc6-47ff-8675-ef49b14fa4d2,http://recaps.competitionsuite.com/88de7ca1-2fc6-47ff-8675-ef49b14fa4d2.htm,,2a0b2dae-4ad8-412f-a029-ae291f771a58,Carbon,,UT,58.244,2
6d7e8a01-34fb-49c0-bfab-8b62c8f19930,2024 Utah Marching Band,4eb9848c-35b0-40de-a8a2-69c8f13e2489,UMEA Red Rocks State Marching Band Championships,2022-11-04T00:00:00,"Crimson Cliffs High School; Washington, UT",,88de7ca1-2fc6-47ff-8675-ef49b14fa4d2,3A,88de7ca1-2fc6-47ff-8675-ef49b14fa4d2,http://recaps.competitionsuite.com/88de7ca1-2fc6-47ff-8675-ef49b14fa4d2.htm,,4e2cb0b9-8d2e-476c-a2d8-193208ca064d,Canyon View,,UT,58.213,3
6d7e8a01-34fb-49c0-bfab-8b62c8f19930,2024 Utah Marching Band,4eb9848c-35b0-40de-a8a2-69c8f13e2489,UMEA Red Rocks State Marching Band Championships,2022-11-04T00:00:00,"Crimson Cliffs High School; Washington, UT",,88de7ca1-2fc6-47ff-8675-ef49b14fa4d2,3A,88de7ca1-2fc6-47ff-8675-ef49b14fa4d2,http://recaps.competitionsuite.com/88de7ca1-2fc6-47ff-8675-ef49b14fa4d2.htm,,41ab4482-669b-40da-8743-91bf56bb7bbb,Delta,,UT,57.95,4
6d7e8a01-34fb-49c0-bfab-8b62c8f19930,2024 Utah Marching Band,4eb9848c-35b0-40de-a8a2-69c8f13e2489,UMEA Red Rocks State Marching Band Championships,2022-11-04T00:00:00,"Crimson Cliffs High School; Washington, UT",,88de7ca1-2fc6-47ff-8675-ef49b14fa4d2,3A,88de7ca1-2fc6-47ff-8675-ef49b14fa4d2,http://recaps.competitionsuite.com/88de7ca1-2fc6-47ff-8675-ef49b14fa4d2.htm,,29b7e6e7-cf14-499a-a47c-6a37b8d87f47,Grand County,,UT,54.044,5
6d7e8a01-34fb-49c0-bfab-8b62c8f19930,2024 Utah Marching Band,4eb9848c-35b0-40de-a8a2-69c8f13e2489,UMEA Red Rocks State Marching Band Championships,2022-11-04T00:00:00,"Crimson Cliffs High School; Washington, UT",,7bd6b6ad-a3be-4b9f-8be6-de516f452b95,4A,7bd6b6ad-a3be-4b9f-8be6-de516f452b95,http://recaps.competitionsuite.com/7bd6b6ad-a3be-4b9f-8be6-de516f452b95.htm,,acd2aae7-c7fa-4add-852d-04870172c8b7,Mountain Crest,,UT,64.094,1
6d7e8a01-34fb-49c0-bfab-8b62c8f19930,2024 Utah Marching Band,4eb9848c-35b0-40de-a8a2-69c8f13e2489,UMEA Red Rocks State Marching Band Championships,2022-11-04T00:00:00,"Crimson Cliffs High School; Washington, UT",,7bd6b6ad-a3be-4b9f-8be6-de516f452b95,4A,7bd6b6ad-a3be-4b9f-8be6-de516f452b95,http://recaps.competitionsuite.com/7bd6b6ad-a3be-4b9f-8be6-de516f452b95.htm,,5890c8e3-81e0-442b-98ae-6f9297c85f6a,Ridgeline,,UT,63.213,2
6d7e8a01-34fb-49c0-bfab-8b62c8f19930,2024 Utah Marching Band,4eb9848c-35b0-40de-a8a2-69c8f13e2489,UMEA Red Rocks State Marching Band Championships,2022-11-04T00:00:00,"Crimson Cliffs High School; Washington, UT",,7bd6b6ad-a3be-4b9f-8be6-de516f452b95,4A,7bd6b6ad-a3be-4b9f-8be6-de516f452b95,http://recaps.competitionsuite.com/7bd6b6ad-a3be-4b9f-8be6-de516f452b95.htm,,350109a8-a3fc-4d33-aa8e-93d8a92458a3,Sky View,,UT,62.656,3
6d7e8a01-34fb-49c0-bfab-8b62c8f19930,2024 Utah Marching Band,4eb9848c-35b0-40de-a8a2-69c8f13e2489,UMEA Red Rocks State Marching Band Championships,2022-11-04T00:00:00,"Crimson Cliffs High School; Washington, UT",,b3dbbd27-a0c2-4b0e-bad5-b9e0bbd68fa8,5A,b3dbbd27-a0c2-4b0e-bad5-b9e0bbd68fa8,http://recaps.competitionsuite.com/b3dbbd27-a0c2-4b0e-bad5-b9e0bbd68fa8.htm,,8644dead-aecd-4560-8751-83f32d096079,Green Canyon,,,81.631,1
6d7e8a01-34fb-49c0-bfab-8b62c8f19930,2024 Utah Marching Band,4eb9848c-35b0-40de-a8a2-69c8f13e2489,UMEA Red Rocks State Marching Band Championships,2022-11-04T00:00:00,"Crimson Cliffs High School; Washington, UT",,b3dbbd27-a0c2-4b0e-bad5-b9e0bbd68fa8,5A,b3dbbd27-a0c2-4b0e-bad5-b9e0bbd68fa8,http://recaps.competitionsuite.com/b3dbbd27-a0c2-4b0e-bad5-b9e0bbd68fa8.htm,,5598c610-86f5-48c7-94d4-e1706ebd3e8c,Cedar Valley,,,78.131,2
6d7e8a01-34fb-49c0-bfab-8b62c8f19930,2024 Utah Marching Band,4eb9848c-35b0-40de-a8a2-69c8f13e2489,UMEA Red Rocks State Marching Band Championships,2022-11-04T00:00:00,"Crimson Cliffs High School; Washington, UT",,b3dbbd27-a0c2-4b0e-bad5-b9e0bbd68fa8,5A,b3dbbd27-a0c2-4b0e-bad5-b9e0bbd68fa8,http://recaps.competitionsuite.com/b3dbbd27-a0c2-4b0e-bad5-b9e0bbd68fa8.htm,,8766e2b3-e96c-42ba-aa23-e5da0fd021d9,Maple Mountain,,UT,77.944,3
6d7e8a01-34fb-49c0-bfab-8b62c8f19930,2024 Utah Marching Band,4eb9848c-35b0-40de-a8a2-69c8f13e2489,UMEA Red Rocks State Marching Band Championships,2022-11-04T00:00:00,"Crimson Cliffs High School; Washington, UT",,b3dbbd27-a0c2-4b0e-bad5-b9e0bbd68fa8,5A,b3dbbd27-a0c2-4b0e-bad5-b9e0bbd68fa8,http://recaps.competitionsuite.com/b3dbbd27-a0c2-4b0e-bad5-b9e0bbd68fa8.htm,,82b29669-92f4-4b40-b864-f4929d9a6a94,Lehi,,UT,76.363,4
6d7e8a01-34fb-49c0-bfab-8b62c8f19930,2024 Utah Marching Band,4eb9848c-35b0-40de-a8a2-69c8f13e2489,UMEA Red Rocks State Marching Band Championships,2022-11-04T00:00:00,"Crimson Cliffs High School; Washington, UT",,b3dbbd27-a0c2-4b0e-bad5-b9e0bbd68fa8,5A,b3dbbd27-a0c2-4b0e-bad5-b9e0bbd68fa8,http://recaps.competitionsuite.com/b3dbbd27-a0c2-4b0e-bad5-b9e0bbd68fa8.htm,,845f83d2-cdcc-4871-be64-02e10d1f4cd0,Alta,,UT,76.006,5
6d7e8a01-34fb-49c0-bfab-8b62c8f19930,2024 Utah Marching Band,4eb9848c-35b0-40de-a8a2-69c8f13e2489,UMEA Red Rocks State Marching Band Championships,2022-11-04T00:00:00,"Crimson Cliffs High School; Washington, UT",,b3dbbd27-a0c2-4b0e-bad5-b9e0bbd68fa8,5A,b3dbbd27-a0c2-4b0e-bad5-b9e0bbd68fa8,http://recaps.competitionsuite.com/b3dbbd27-a0c2-4b0e-bad5-b9e0bbd68fa8.htm,,6897afc9-d93d-429b-8064-966ab1b475b9,Brighton,,,74.806,6
6d7e8a01-34fb-49c0-bfab-8b62c8f19930,2024 Utah Marching Band,4eb9848c-35b0-40de-a8a2-69c8f13e2489,UMEA Red Rocks State Marching Band Championships,2022-11-04T00:00:00,"Crimson Cliffs High School; Washington, UT",,b3dbbd27-a0c2-4b0e-bad5-b9e0bbd68fa8,5A,b3dbbd27-a0c2-4b0e-bad5-b9e0bbd68fa8,http://recaps.competitionsuite.com/b3dbbd27-a0c2-4b0e-bad5-b9e0bbd68fa8.htm,,5da76e31-05c6-4266-bfe6-6dc22189ad94,Orem,,UT,69.631,7
6d7e8a01-34fb-49c0-bfab-8b62c8f19930,2024 Utah Marching Band,4eb9848c-35b0-40de-a8a2-69c8f13e2489,UMEA Red Rocks State Marching Band Championships,2022-11-04T00:00:00,"Crimson Cliffs High School; Washington, UT",,b3dbbd27-a0c2-4b0e-bad5-b9e0bbd68fa8,5A,b3dbbd27-a0c2-4b0e-bad5-b9e0bbd68fa8,http://recaps.competitionsuite.com/b3dbbd27-a0c2-4b0e-bad5-b9e0bbd68fa8.htm,,45694456-0fc7-4c1d-bb55-d9d7999c8fb3,Wasatch,Heber,UT,68.863,8
6d7e8a01-34fb-49c0-bfab-8b62c8f19930,2024 Utah Marching Band,4eb9848c-35b0-40de-a8a2-69c8f13e2489,UMEA Red Rocks State Marching Band Championships,2022-11-04T00:00:00,"Crimson Cliffs High School; Washington, UT",,b3dbbd27-a0c2-4b0e-bad5-b9e0bbd68fa8,5A,b3dbbd27-a0c2-4b0e-bad5-b9e0bbd68fa8,http://recaps.competitionsuite.com/b3dbbd27-a0c2-4b0e-bad5-b9e0bbd68fa8.htm,,fdcc6d05-43b3-45fc-9ca4-c20b59306ee3,Salem Hills,,UT,68.606,9
6d7e8a01-34fb-49c0-bfab-8b62c8f19930,2024 Utah Marching Band,4eb9848c-35b0-40de-a8a2-69c8f13e2489,UMEA Red Rocks State Marching Band Championships,2022-11-04T00:00:00,"Crimson Cliffs High School; Washington, UT",,b3dbbd27-a0c2-4b0e-bad5-b9e0bbd68fa8,5A,b3dbbd27-a0c2-4b0e-bad5-b9e0bbd68fa8,http://recaps.competitionsuite.com/b3dbbd27-a0c2-4b0e-bad5-b9e0bbd68fa8.htm,,337316dc-3207-40d6-93a2-4f19f6a2e6db,Tooele,,UT,67.494,10
6d7e8a01-34fb-49c0-bfab-8b62c8f19930,2024 Utah Marching Band,4eb9848c-35b0-40de-a8a2-69c8f13e2489,UMEA Red Rocks State Marching Band Championships,2022-11-04T00:00:00,"Crimson Cliffs High School; Washington, UT",,b3dbbd27-a0c2-4b0e-bad5-b9e0bbd68fa8,5A,b3dbbd27-a0c2-4b0e-bad5-b9e0bbd68fa8,http://recaps.competitionsuite.com/b3dbbd27-a0c2-4b0e-bad5-b9e0bbd68fa8.htm,,f47e3b6e-7b7c-48de-aafa-1956357b24d7,Timpview,,UT,66.163,11
6d7e8a01-34fb-49c0-bfab-8b62c8f19930,2024 Utah Marching Band,4eb9848c-35b0-40de-a8a2-69c8f13e2489,UMEA Red Rocks State Marching Band Championships,2022-11-04T00:00:00,"Crimson Cliffs High School; Washington, UT",,b3dbbd27-a0c2-4b0e-bad5-b9e0bbd68fa8,5A,b3dbbd27-a0c2-4b0e-bad5-b9e0bbd68fa8,http://recaps.competitionsuite.com/b3dbbd27-a0c2-4b0e-bad5-b9e0bbd68fa8.htm,,74c4f2ba-9053-47fa-88dc-38aefdadded5,Provo,,UT,65.856,12
6d7e8a01-34fb-49c0-bfab-8b62c8f19930,2024 Utah Marching Band,4eb9848c-35b0-40de-a8a2-69c8f13e2489,UMEA Red Rocks State Marching Band Championships,2022-11-04T00:00:00,"Crimson Cliffs High School; Washington, UT",,b3dbbd27-a0c2-4b0e-bad5-b9e0bbd68fa8,5A,b3dbbd27-a0c2-4b0e-bad5-b9e0bbd68fa8,http://recaps.competitionsuite.com/b3dbbd27-a0c2-4b0e-bad5-b9e0bbd68fa8.htm,,d1dd1260-b7bd-4adf-bd94-34d17be7ef03,Viewmont,,UT,62.3,13
6d7e8a01-34fb-49c0-bfab-8b62c8f19930,2024 Utah Marching Band,4eb9848c-35b0-40de-a8a2-69c8f13e2489,UMEA Red Rocks State Marching Band Championships,2022-11-04T00:00:00,"Crimson Cliffs High School; Washington, UT",,b3dbbd27-a0c2-4b0e-bad5-b9e0bbd68fa8,5A,b3dbbd27-a0c2-4b0e-bad5-b9e0bbd68fa8,http://recaps.competitionsuite.com/b3dbbd27-a0c2-4b0e-bad5-b9e0bbd68fa8.htm,,bdb90850-4c65-4106-a9a1-75955e3c56d3,Uintah,,UT,62.106,14
6d7e8a01-34fb-49c0-bfab-8b62c8f19930,2024 Utah Marching Band,4eb9848c-35b0-40de-a8a2-69c8f13e2489,UMEA Red Rocks State Marching Band Championships,2022-11-04T00:00:00,"Crimson Cliffs High School; Washington, UT",,b3dbbd27-a0c2-4b0e-bad5-b9e0bbd68fa8,5A,b3dbbd27-a0c2-4b0e-bad5-b9e0bbd68fa8,http://recaps.competitionsuite.com/b3dbbd27-a0c2-4b0e-bad5-b9e0bbd68fa8.htm,,0c5d2c11-c1b9-49c7-9ff0-4edec884071e,Stansbury,,UT,60.188,15
6d7e8a01-34fb-49c0-bfab-8b62c8f19930,2024 Utah Marching Band,4eb9848c-35b0-40de-a8a2-69c8f13e2489,UMEA Red Rocks State Marching Band Championships,2022-11-04T00:00:00,"Crimson Cliffs High School; Washington, UT",,b3dbbd27-a0c2-4b0e-bad5-b9e0bbd68fa8,5A,b3dbbd27-a0c2-4b0e-bad5-b9e0bbd68fa8,http://recaps.competitionsuite.com/b3dbbd27-a0c2-4b0e-bad5-b9e0bbd68fa8.htm,,e8b2e8f9-3c31-45d4-bca3-f17949a89128,Spanish Fork,,UT,58.05,16
6d7e8a01-34fb-49c0-bfab-8b62c8f19930,2024 Utah Marching Band,4eb9848c-35b0-40de-a8a2-69c8f13e2489,UMEA Red Rocks State Marching Band Championships,2022-11-04T00:00:00,"Crimson Cliffs High School; Washington, UT",,b3dbbd27-a0c2-4b0e-bad5-b9e0bbd68fa8,5A,b3dbbd27-a0c2-4b0e-bad5-b9e0bbd68fa8,http://recaps.competitionsuite.com/b3dbbd27-a0c2-4b0e-bad5-b9e0bbd68fa8.htm,,706de460-513b-4f65-b7f1-d1d0c70e0034,Springville,,UT,56.075,17
6d7e8a01-34fb-49c0-bfab-8b62c8f19930,2024 Utah Marching Band,4eb9848c-35b0-40de-a8a2-69c8f13e2489,UMEA Red Rocks State Marching Band Championships,2022-11-04T00:00:00,"Crimson Cliffs High School; Washington, UT",,b3dbbd27-a0c2-4b0e-bad5-b9e0bbd68fa8,5A,b3dbbd27-a0c2-4b0e-bad5-b9e0bbd68fa8,http://recaps.competitionsuite.com/b3dbbd27-a0c2-4b0e-bad5-b9e0bbd68fa8.htm,,2c89a55f-cbde-45d8-b793-89c56cf25c85,Payson,,UT,54.95,18
6d7e8a01-34fb-49c0-bfab-8b62c8f19930,2024 Utah Marching Band,4eb9848c-35b0-40de-a8a2-69c8f13e2489,UMEA Red Rocks State Marching Band Championships,2022-11-04T00:00:00,"Crimson Cliffs High School; Washington, UT",,bbccb385-9520-4b54-909f-2d19971a376c,6A,bbccb385-9520-4b54-909f-2d19971a376c,http://recaps.competitionsuite.com/bbccb385-9520-4b54-909f-2d19971a376c.htm,,0131d536-e175-42d9-880c-e4a8ade85493,American Fork,,UT,91.125,1
6d7e8a01-34fb-49c0-bfab-8b62c8f19930,2024 Utah Marching Band,4eb9848c-35b0-40de-a8a2-69c8f13e2489,UMEA Red Rocks State Marching Band Championships,2022-11-04T00:00:00,"Crimson Cliffs High School; Washington, UT",,bbccb385-9520-4b54-909f-2d19971a376c,6A,bbccb385-9520-4b54-909f-2d19971a376c,http://recaps.competitionsuite.com/bbccb385-9520-4b54-909f-2d19971a376c.htm,,08361fd8-0688-48e3-9669-e919f879e1f4,Davis,,UT,85.575,2
6d7e8a01-34fb-49c0-bfab-8b62c8f19930,2024 Utah Marching Band,4eb9848c-35b0-40de-a8a2-69c8f13e2489,UMEA Red Rocks State Marching Band Championships,2022-11-04T00:00:00,"Crimson Cliffs High School; Washington, UT",,bbccb385-9520-4b54-909f-2d19971a376c,6A,bbccb385-9520-4b54-909f-2d19971a376c,http://recaps.competitionsuite.com/bbccb385-9520-4b54-909f-2d19971a376c.htm,,599a8904-f391-4fd3-8a95-444f99a1da15,Westlake,,UT,82.963,3
6d7e8a01-34fb-49c0-bfab-8b62c8f19930,2024 Utah Marching Band,4eb9848c-35b0-40de-a8a2-69c8f13e2489,UMEA Red Rocks State Marching Band Championships,2022-11-04T00:00:00,"Crimson Cliffs High School; Washington, UT",,bbccb385-9520-4b54-909f-2d19971a376c,6A,bbccb385-9520-4b54-909f-2d19971a376c,http://recaps.competitionsuite.com/bbccb385-9520-4b54-909f-2d19971a376c.htm,,7ce900a7-79de-4284-8332-399deaaed63d,Farmington,,,82.75,4
6d7e8a01-34fb-49c0-bfab-8b62c8f19930,2024 Utah Marching Band,4eb9848c-35b0-40de-a8a2-69c8f13e2489,UMEA Red Rocks State Marching Band Championships,2022-11-04T00:00:00,"Crimson Cliffs High School; Washington, UT",,bbccb385-9520-4b54-909f-2d19971a376c,6A,bbccb385-9520-4b54-909f-2d19971a376c,http://recaps.competitionsuite.com/bbccb385-9520-4b54-909f-2d19971a376c.htm,,742205bc-91c6-436c-b6d7-ed78c877df32,Skyridge,,UT,80.85,5
6d7e8a01-34fb-49c0-bfab-8b62c8f19930,2024 Utah Marching Band,4eb9848c-35b0-40de-a8a2-69c8f13e2489,UMEA Red Rocks State Marching Band Championships,2022-11-04T00:00:00,"Crimson Cliffs High School; Washington, UT",,bbccb385-9520-4b54-909f-2d19971a376c,6A,bbccb385-9520-4b54-909f-2d19971a376c,http://recaps.competitionsuite.com/bbccb385-9520-4b54-909f-2d19971a376c.htm,,099328fc-a3a4-4023-b97e-31a87056d595,Lone Peak,,UT,77.438,6
6d7e8a01-34fb-49c0-bfab-8b62c8f19930,2024 Utah Marching Band,4eb9848c-35b0-40de-a8a2-69c8f13e2489,UMEA Red Rocks State Marching Band Championships,2022-11-04T00:00:00,"Crimson Cliffs High School; Washington, UT",,bbccb385-9520-4b54-909f-2d19971a376c,6A,bbccb385-9520-4b54-909f-2d19971a376c,http://recaps.competitionsuite.com/bbccb385-9520-4b54-909f-2d19971a376c.htm,,73f4b93d-6f68-41f1-9b28-1a168719b7ca,Herriman,,UT,76.65,7
6d7e8a01-34fb-49c0-bfab-8b62c8f19930,2024 Utah Marching Band,4eb9848c-35b0-40de-a8a2-69c8f13e2489,UMEA Red Rocks State Marching Band Championships,2022-11-04T00:00:00,"Crimson Cliffs High School; Washington, UT",,bbccb385-9520-4b54-909f-2d19971a376c,6A,bbccb385-9520-4b54-909f-2d19971a376c,http://recaps.competitionsuite.com/bbccb385-9520-4b54-909f-2d19971a376c.htm,,49ac186c-96ef-4908-bfa9-1de6c77349b2,Bingham,,UT,73.988,8
6d7e8a01-34fb-49c0-bfab-8b62c8f19930,2024 Utah Marching Band,4eb9848c-35b0-40de-a8a2-69c8f13e2489,UMEA Red Rocks State Marching Band Championships,2022-11-04T00:00:00,"Crimson Cliffs High School; Washington, UT",,bbccb385-9520-4b54-909f-2d19971a376c,6A,bbccb385-9520-4b54-909f-2d19971a376c,http://recaps.competitionsuite.com/bbccb385-9520-4b54-909f-2d19971a376c.htm,,599cb8ab-0874-4740-97d8-f48c18cffddf,Riverton,,UT,68.625,9
6d7e8a01-34fb-49c0-bfab-8b62c8f19930,2024 Utah Marching Band,4eb9848c-35b0-40de-a8a2-69c8f13e2489,UMEA Red Rocks State Marching Band Championships,2022-11-04T00:00:00,"Crimson Cliffs High School; Washington, UT",,bbccb385-9520-4b54-909f-2d19971a376c,6A,bbccb385-9520-4b54-909f-2d19971a376c,http://recaps.competitionsuite.com/bbccb385-9520-4b54-909f-2d19971a376c.htm,,f46c765b-93f9-42c3-a41f-f38893cf2435,Mountain Ridge,,,67.888,10
6d7e8a01-34fb-49c0-bfab-8b62c8f19930,2024 Utah Marching Band,4eb9848c-35b0-40de-a8a2-69c8f13e2489,UMEA Red Rocks State Marching Band Championships,2022-11-04T00:00:00,"Crimson Cliffs High School; Washington, UT",,bbccb385-9520-4b54-909f-2d19971a376c,6A,bbccb385-9520-4b54-909f-2d19971a376c,http://recaps.competitionsuite.com/bbccb385-9520-4b54-909f-2d19971a376c.htm,,6caf0c73-8f36-420f-9034-d92770c35894,West Jordan,,UT,64.787,11
6d7e8a01-34fb-49c0-bfab-8b62c8f19930,2024 Utah Marching Band,4eb9848c-35b0-40de-a8a2-69c8f13e2489,UMEA Red Rocks State Marching Band Championships,2022-11-04T00:00:00,"Crimson Cliffs High School; Washington, UT",,bbccb385-9520-4b54-909f-2d19971a376c,6A,bbccb385-9520-4b54-909f-2d19971a376c,http://recaps.competitionsuite.com/bbccb385-9520-4b54-909f-2d19971a376c.htm,,ddae9b0a-bb64-422c-96a0-b8026c08aeda,Pleasant Grove,,UT,64.144,12
6d7e8a01-34fb-49c0-bfab-8b62c8f19930,2024 Utah Marching Band,4eb9848c-35b0-40de-a8a2-69c8f13e2489,UMEA Red Rocks State Marching Band Championships,2022-11-04T00:00:00,"Crimson Cliffs High School; Washington, UT",,bbccb385-9520-4b54-909f-2d19971a376c,6A,bbccb385-9520-4b54-909f-2d19971a376c,http://recaps.competitionsuite.com/bbccb385-9520-4b54-909f-2d19971a376c.htm,,592c5f5b-1ec5-42e4-b9a3-7c86150cde32,Fremont,,UT,61.163,13
6d7e8a01-34fb-49c0-bfab-8b62c8f19930,2024 Utah Marching Band,4eb9848c-35b0-40de-a8a2-69c8f13e2489,UMEA Red Rocks State Marching Band Championships,2022-11-04T00:00:00,"Crimson Cliffs High School; Washington, UT",,bbccb385-9520-4b54-909f-2d19971a376c,6A,bbccb385-9520-4b54-909f-2d19971a376c,http://recaps.competitionsuite.com/bbccb385-9520-4b54-909f-2d19971a376c.htm,,fb202b59-4f34-4263-ab0e-a7228d78839f,Copper Hills,,UT,57.706,14
6d7e8a01-34fb-49c0-bfab-8b62c8f19930,2024 Utah Marching Band,4eb9848c-35b0-40de-a8a2-69c8f13e2489,UMEA Red Rocks State Marching Band Championships,2022-11-04T00:00:00,"Crimson Cliffs High School; Washington, UT",,bbccb385-9520-4b54-909f-2d19971a376c,6A,bbccb385-9520-4b54-909f-2d19971a376c,http://recaps.competitionsuite.com/bbccb385-9520-4b54-909f-2d19971a376c.htm,,93480892-c153-4426-b76b-490fa94ead52,Roy,,UT,54.763,15
6d7e8a01-34fb-49c0-bfab-8b62c8f19930,2024 Utah Marching Band,3f70ef02-440d-4922-96c8-ec70d434b1c0,Davis Cup Invitational,2022-10-29T00:00:00,Davis High School,,5f301de4-1414-4250-abf8-3025428fcba0,4A,5f301de4-1414-4250-abf8-3025428fcba0,http://recaps.competitionsuite.com/5f301de4-1414-4250-abf8-3025428fcba0.htm,,c0044da6-27ad-477d-a861-23f02e2ad694,Sky View,,UT,70.538,1
6d7e8a01-34fb-49c0-bfab-8b62c8f19930,2024 Utah Marching Band,3f70ef02-440d-4922-96c8-ec70d434b1c0,Davis Cup Invitational,2022-10-29T00:00:00,Davis High School,,5f301de4-1414-4250-abf8-3025428fcba0,4A,5f301de4-1414-4250-abf8-3025428fcba0,http://recaps.competitionsuite.com/5f301de4-1414-4250-abf8-3025428fcba0.htm,,3436f6b1-f381-485c-a9a2-98fcd4b46dc0,Mountain Crest,,UT,70.4,2
6d7e8a01-34fb-49c0-bfab-8b62c8f19930,2024 Utah Marching Band,3f70ef02-440d-4922-96c8-ec70d434b1c0,Davis Cup Invitational,2022-10-29T00:00:00,Davis High School,,5f301de4-1414-4250-abf8-3025428fcba0,4A,5f301de4-1414-4250-abf8-3025428fcba0,http://recaps.competitionsuite.com/5f301de4-1414-4250-abf8-3025428fcba0.htm,,f5640281-acc8-41a6-aaad-32c76348a782,Bozeman,,,65.263,3
6d7e8a01-34fb-49c0-bfab-8b62c8f19930,2024 Utah Marching Band,3f70ef02-440d-4922-96c8-ec70d434b1c0,Davis Cup Invitational,2022-10-29T00:00:00,Davis High School,,5f301de4-1414-4250-abf8-3025428fcba0,4A,5f301de4-1414-4250-abf8-3025428fcba0,http://recaps.competitionsuite.com/5f301de4-1414-4250-abf8-3025428fcba0.htm,,dc50d9ec-b960-42bf-a8cc-7380879dc255,Elko,,,61.738,4
6d7e8a01-34fb-49c0-bfab-8b62c8f19930,2024 Utah Marching Band,3f70ef02-440d-4922-96c8-ec70d434b1c0,Davis Cup Invitational,2022-10-29T00:00:00,Davis High School,,bd3f64c0-76de-4a7a-8ca9-a621b92831bd,3A,bd3f64c0-76de-4a7a-8ca9-a621b92831bd,http://recaps.competitionsuite.com/bd3f64c0-76de-4a7a-8ca9-a621b92831bd.htm,,b88e9267-2e61-4554-a6c9-1a778f2520fa,Ogden,,UT,75.613,1
6d7e8a01-34fb-49c0-bfab-8b62c8f19930,2024 Utah Marching Band,3f70ef02-440d-4922-96c8-ec70d434b1c0,Davis Cup Invitational,2022-10-29T00:00:00,Davis High School,,bd3f64c0-76de-4a7a-8ca9-a621b92831bd,3A,bd3f64c0-76de-4a7a-8ca9-a621b92831bd,http://recaps.competitionsuite.com/bd3f64c0-76de-4a7a-8ca9-a621b92831bd.htm,,3892c9ef-7081-4eec-8a43-8786a2140a6d,Canyon View,,UT,63.213,2
6d7e8a01-34fb-49c0-bfab-8b62c8f19930,2024 Utah Marching Band,3f70ef02-440d-4922-96c8-ec70d434b1c0,Davis Cup Invitational,2022-10-29T00:00:00,Davis High School,,5710790f-b51f-4787-aae3-861f98f91e4c,5A Scholastic,5710790f-b51f-4787-aae3-861f98f91e4c,http://recaps.competitionsuite.com/5710790f-b51f-4787-aae3-861f98f91e4c.htm,,ebe9d5fa-4ee5-43fb-b87f-7ea256f43081,Timpview,,UT,77.313,1
6d7e8a01-34fb-49c0-bfab-8b62c8f19930,2024 Utah Marching Band,3f70ef02-440d-4922-96c8-ec70d434b1c0,Davis Cup Invitational,2022-10-29T00:00:00,Davis High School,,5710790f-b51f-4787-aae3-861f98f91e4c,5A Scholastic,5710790f-b51f-4787-aae3-861f98f91e4c,http://recaps.competitionsuite.com/5710790f-b51f-4787-aae3-861f98f91e4c.htm,,4198d5c4-7732-4c29-8e3d-c5086893192c,Provo,,UT,75.875,2
6d7e8a01-34fb-49c0-bfab-8b62c8f19930,2024 Utah Marching Band,3f70ef02-440d-4922-96c8-ec70d434b1c0,Davis Cup Invitational,2022-10-29T00:00:00,Davis High School,,5710790f-b51f-4787-aae3-861f98f91e4c,5A Scholastic,5710790f-b51f-4787-aae3-861f98f91e4c,http://recaps.competitionsuite.com/5710790f-b51f-4787-aae3-861f98f91e4c.htm,,be3db0bc-0cf1-45ba-858c-444e86393d0b,Salem Hills,,UT,75.8,3
6d7e8a01-34fb-49c0-bfab-8b62c8f19930,2024 Utah Marching Band,3f70ef02-440d-4922-96c8-ec70d434b1c0,Davis Cup Invitational,2022-10-29T00:00:00,Davis High School,,5710790f-b51f-4787-aae3-861f98f91e4c,5A Scholastic,5710790f-b51f-4787-aae3-861f98f91e4c,http://recaps.competitionsuite.com/5710790f-b51f-4787-aae3-861f98f91e4c.htm,,367ed47f-1e78-4cf7-bd94-00d8b1cf7d0a,Northridge,,UT,73.2,4
6d7e8a01-34fb-49c0-bfab-8b62c8f19930,2024 Utah Marching Band,3f70ef02-440d-4922-96c8-ec70d434b1c0,Davis Cup Invitational,2022-10-29T00:00:00,Davis High School,,5710790f-b51f-4787-aae3-861f98f91e4c,5A Scholastic,5710790f-b51f-4787-aae3-861f98f91e4c,http://recaps.competitionsuite.com/5710790f-b51f-4787-aae3-861f98f91e4c.htm,,b1e5381e-4ddf-49ba-bc76-a39a5f29b110,Uintah,,UT,72.913,5
6d7e8a01-34fb-49c0-bfab-8b62c8f19930,2024 Utah Marching Band,3f70ef02-440d-4922-96c8-ec70d434b1c0,Davis Cup Invitational,2022-10-29T00:00:00,Davis High School,,5710790f-b51f-4787-aae3-861f98f91e4c,5A Scholastic,5710790f-b51f-4787-aae3-861f98f91e4c,http://recaps.competitionsuite.com/5710790f-b51f-4787-aae3-861f98f91e4c.htm,,7c61fdc5-96f7-4afa-9a88-b380868f4e44,Wasatch,Heber,UT,70.013,6
6d7e8a01-34fb-49c0-bfab-8b62c8f19930,2024 Utah Marching Band,3f70ef02-440d-4922-96c8-ec70d434b1c0,Davis Cup Invitational,2022-10-29T00:00:00,Davis High School,,5710790f-b51f-4787-aae3-861f98f91e4c,5A Scholastic,5710790f-b51f-4787-aae3-861f98f91e4c,http://recaps.competitionsuite.com/5710790f-b51f-4787-aae3-861f98f91e4c.htm,,16f8ebdf-2926-41c6-80ec-07a65a0f44e8,Stansbury,,UT,67.238,7
6d7e8a01-34fb-49c0-bfab-8b62c8f19930,2024 Utah Marching Band,3f70ef02-440d-4922-96c8-ec70d434b1c0,Davis Cup Invitational,2022-10-29T00:00:00,Davis High School,,5710790f-b51f-4787-aae3-861f98f91e4c,5A Scholastic,5710790f-b51f-4787-aae3-861f98f91e4c,http://recaps.competitionsuite.com/5710790f-b51f-4787-aae3-861f98f91e4c.htm,,4d64a5b6-ec29-4b1e-81a4-5aa09344f874,Springville,,UT,66.5,8
6d7e8a01-34fb-49c0-bfab-8b62c8f19930,2024 Utah Marching Band,3f70ef02-440d-4922-96c8-ec70d434b1c0,Davis Cup Invitational,2022-10-29T00:00:00,Davis High School,,5710790f-b51f-4787-aae3-861f98f91e4c,5A Scholastic,5710790f-b51f-4787-aae3-861f98f91e4c,http://recaps.competitionsuite.com/5710790f-b51f-4787-aae3-861f98f91e4c.htm,,a2135210-4431-4154-ac45-19e06797f969,Spanish Fork,,UT,65.525,9
6d7e8a01-34fb-49c0-bfab-8b62c8f19930,2024 Utah Marching Band,3f70ef02-440d-4922-96c8-ec70d434b1c0,Davis Cup Invitational,2022-10-29T00:00:00,Davis High School,,994af0c3-ac37-4940-b572-9e5b00a08f73,5A Open,994af0c3-ac37-4940-b572-9e5b00a08f73,http://recaps.competitionsuite.com/994af0c3-ac37-4940-b572-9e5b00a08f73.htm,,8a530e26-507a-4b95-9f9e-06dada04a541,Green Canyon,,,88.788,1
6d7e8a01-34fb-49c0-bfab-8b62c8f19930,2024 Utah Marching Band,3f70ef02-440d-4922-96c8-ec70d434b1c0,Davis Cup Invitational,2022-10-29T00:00:00,Davis High School,,994af0c3-ac37-4940-b572-9e5b00a08f73,5A Open,994af0c3-ac37-4940-b572-9e5b00a08f73,http://recaps.competitionsuite.com/994af0c3-ac37-4940-b572-9e5b00a08f73.htm,,d3cfdb9c-4d04-4f0d-8e5c-0e6875ffbdc9,Cedar Valley,,,87.9,2
6d7e8a01-34fb-49c0-bfab-8b62c8f19930,2024 Utah Marching Band,3f70ef02-440d-4922-96c8-ec70d434b1c0,Davis Cup Invitational,2022-10-29T00:00:00,Davis High School,,994af0c3-ac37-4940-b572-9e5b00a08f73,5A Open,994af0c3-ac37-4940-b572-9e5b00a08f73,http://recaps.competitionsuite.com/994af0c3-ac37-4940-b572-9e5b00a08f73.htm,,d1035d12-751f-46cf-93d8-62fa588583d8,Lehi,,UT,84.888,3
6d7e8a01-34fb-49c0-bfab-8b62c8f19930,2024 Utah Marching Band,3f70ef02-440d-4922-96c8-ec70d434b1c0,Davis Cup Invitational,2022-10-29T00:00:00,Davis High School,,994af0c3-ac37-4940-b572-9e5b00a08f73,5A Open,994af0c3-ac37-4940-b572-9e5b00a08f73,http://recaps.competitionsuite.com/994af0c3-ac37-4940-b572-9e5b00a08f73.htm,,e17a7d91-ba7c-4200-864b-383f6d3698a5,Brighton,,,81.725,4
6d7e8a01-34fb-49c0-bfab-8b62c8f19930,2024 Utah Marching Band,3f70ef02-440d-4922-96c8-ec70d434b1c0,Davis Cup Invitational,2022-10-29T00:00:00,Davis High School,,994af0c3-ac37-4940-b572-9e5b00a08f73,5A Open,994af0c3-ac37-4940-b572-9e5b00a08f73,http://recaps.competitionsuite.com/994af0c3-ac37-4940-b572-9e5b00a08f73.htm,,5f8c24d3-5486-4879-bcb5-0a8c0adb4272,Maple Mountain,,UT,80.313,5
6d7e8a01-34fb-49c0-bfab-8b62c8f19930,2024 Utah Marching Band,3f70ef02-440d-4922-96c8-ec70d434b1c0,Davis Cup Invitational,2022-10-29T00:00:00,Davis High School,,994af0c3-ac37-4940-b572-9e5b00a08f73,5A Open,994af0c3-ac37-4940-b572-9e5b00a08f73,http://recaps.competitionsuite.com/994af0c3-ac37-4940-b572-9e5b00a08f73.htm,,aa91831c-2e8d-4f4c-9fda-9c31da9dfad1,Alta,,UT,80.05,6
6d7e8a01-34fb-49c0-bfab-8b62c8f19930,2024 Utah Marching Band,3f70ef02-440d-4922-96c8-ec70d434b1c0,Davis Cup Invitational,2022-10-29T00:00:00,Davis High School,,994af0c3-ac37-4940-b572-9e5b00a08f73,5A Open,994af0c3-ac37-4940-b572-9e5b00a08f73,http://recaps.competitionsuite.com/994af0c3-ac37-4940-b572-9e5b00a08f73.htm,,de9be152-a804-49f7-842b-87863e95a1e1,Tooele,,UT,71.475,7
6d7e8a01-34fb-49c0-bfab-8b62c8f19930,2024 Utah Marching Band,3f70ef02-440d-4922-96c8-ec70d434b1c0,Davis Cup Invitational,2022-10-29T00:00:00,Davis High School,,994af0c3-ac37-4940-b572-9e5b00a08f73,5A Open,994af0c3-ac37-4940-b572-9e5b00a08f73,http://recaps.competitionsuite.com/994af0c3-ac37-4940-b572-9e5b00a08f73.htm,,fc3a051c-225f-44e1-8d1e-687d898d191f,Viewmont,,UT,68.9,8
6d7e8a01-34fb-49c0-bfab-8b62c8f19930,2024 Utah Marching Band,3f70ef02-440d-4922-96c8-ec70d434b1c0,Davis Cup Invitational,2022-10-29T00:00:00,Davis High School,,bcbb376a-6c9c-4a60-940a-9ae7d3e6e1db,6A Scholastic,bcbb376a-6c9c-4a60-940a-9ae7d3e6e1db,http://recaps.competitionsuite.com/bcbb376a-6c9c-4a60-940a-9ae7d3e6e1db.htm,,ea6b98a6-eb48-4bfd-9de0-69d4e04ea819,Lone Peak,,UT,79.225,1
6d7e8a01-34fb-49c0-bfab-8b62c8f19930,2024 Utah Marching Band,3f70ef02-440d-4922-96c8-ec70d434b1c0,Davis Cup Invitational,2022-10-29T00:00:00,Davis High School,,bcbb376a-6c9c-4a60-940a-9ae7d3e6e1db,6A Scholastic,bcbb376a-6c9c-4a60-940a-9ae7d3e6e1db,http://recaps.competitionsuite.com/bcbb376a-6c9c-4a60-940a-9ae7d3e6e1db.htm,,1b523ba7-8089-400f-b772-c33a046d0451,Mountain Ridge,,,76.325,2
6d7e8a01-34fb-49c0-bfab-8b62c8f19930,2024 Utah Marching Band,3f70ef02-440d-4922-96c8-ec70d434b1c0,Davis Cup Invitational,2022-10-29T00:00:00,Davis High School,,bcbb376a-6c9c-4a60-940a-9ae7d3e6e1db,6A Scholastic,bcbb376a-6c9c-4a60-940a-9ae7d3e6e1db,http://recaps.competitionsuite.com/bcbb376a-6c9c-4a60-940a-9ae7d3e6e1db.htm,,ee944678-93db-428b-b53a-eb51f7011e98,Riverton,,UT,72.306,3
6d7e8a01-34fb-49c0-bfab-8b62c8f19930,2024 Utah Marching Band,3f70ef02-440d-4922-96c8-ec70d434b1c0,Davis Cup Invitational,2022-10-29T00:00:00,Davis High School,,bcbb376a-6c9c-4a60-940a-9ae7d3e6e1db,6A Scholastic,bcbb376a-6c9c-4a60-940a-9ae7d3e6e1db,http://recaps.competitionsuite.com/bcbb376a-6c9c-4a60-940a-9ae7d3e6e1db.htm,,01b8f510-3763-4239-ae69-8e4af90da081,West Jordan,,UT,71.738,4
6d7e8a01-34fb-49c0-bfab-8b62c8f19930,2024 Utah Marching Band,3f70ef02-440d-4922-96c8-ec70d434b1c0,Davis Cup Invitational,2022-10-29T00:00:00,Davis High School,,bcbb376a-6c9c-4a60-940a-9ae7d3e6e1db,6A Scholastic,bcbb376a-6c9c-4a60-940a-9ae7d3e6e1db,http://recaps.competitionsuite.com/bcbb376a-6c9c-4a60-940a-9ae7d3e6e1db.htm,,4b5f2bf7-d68e-4044-b343-b4263d4bd187,Pleasant Grove,,UT,71.538,5
6d7e8a01-34fb-49c0-bfab-8b62c8f19930,2024 Utah Marching Band,3f70ef02-440d-4922-96c8-ec70d434b1c0,Davis Cup Invitational,2022-10-29T00:00:00,Davis High School,,bcbb376a-6c9c-4a60-940a-9ae7d3e6e1db,6A Scholastic,bcbb376a-6c9c-4a60-940a-9ae7d3e6e1db,http://recaps.competitionsuite.com/bcbb376a-6c9c-4a60-940a-9ae7d3e6e1db.htm,,615f5dd3-ab36-44d4-b394-e50401f01f02,Fremont,,UT,67.625,6
6d7e8a01-34fb-49c0-bfab-8b62c8f19930,2024 Utah Marching Band,3f70ef02-440d-4922-96c8-ec70d434b1c0,Davis Cup Invitational,2022-10-29T00:00:00,Davis High School,,bcbb376a-6c9c-4a60-940a-9ae7d3e6e1db,6A Scholastic,bcbb376a-6c9c-4a60-940a-9ae7d3e6e1db,http://recaps.competitionsuite.com/bcbb376a-6c9c-4a60-940a-9ae7d3e6e1db.htm,,f946f50a-0354-414b-ae03-1c6318437fbf,Copper Hills,,UT,65.856,7
6d7e8a01-34fb-49c0-bfab-8b62c8f19930,2024 Utah Marching Band,3f70ef02-440d-4922-96c8-ec70d434b1c0,Davis Cup Invitational,2022-10-29T00:00:00,Davis High School,,bcbb376a-6c9c-4a60-940a-9ae7d3e6e1db,6A Scholastic,bcbb376a-6c9c-4a60-940a-9ae7d3e6e1db,http://recaps.competitionsuite.com/bcbb376a-6c9c-4a60-940a-9ae7d3e6e1db.htm,,855d5784-5fa9-46af-99ab-bec0a0e3a7f0,Roy,,UT,63.55,8
6d7e8a01-34fb-49c0-bfab-8b62c8f19930,2024 Utah Marching Band,3f70ef02-440d-4922-96c8-ec70d434b1c0,Davis Cup Invitational,2022-10-29T00:00:00,Davis High School,,a91328c9-8dc5-4fd8-b0fc-2d42826f637c,6A Open,a91328c9-8dc5-4fd8-b0fc-2d42826f637c,http://recaps.competitionsuite.com/a91328c9-8dc5-4fd8-b0fc-2d42826f637c.htm,,47c1e768-9a71-40ed-8b65-c835843e84f4,American Fork,,UT,93.975,1
6d7e8a01-34fb-49c0-bfab-8b62c8f19930,2024 Utah Marching Band,3f70ef02-440d-4922-96c8-ec70d434b1c0,Davis Cup Invitational,2022-10-29T00:00:00,Davis High School,,a91328c9-8dc5-4fd8-b0fc-2d42826f637c,6A Open,a91328c9-8dc5-4fd8-b0fc-2d42826f637c,http://recaps.competitionsuite.com/a91328c9-8dc5-4fd8-b0fc-2d42826f637c.htm,,a774622f-31fc-46c6-b7f4-a0b69f2403ef,Davis,,UT,91.356,2
6d7e8a01-34fb-49c0-bfab-8b62c8f19930,2024 Utah Marching Band,3f70ef02-440d-4922-96c8-ec70d434b1c0,Davis Cup Invitational,2022-10-29T00:00:00,Davis High School,,a91328c9-8dc5-4fd8-b0fc-2d42826f637c,6A Open,a91328c9-8dc5-4fd8-b0fc-2d42826f637c,http://recaps.competitionsuite.com/a91328c9-8dc5-4fd8-b0fc-2d42826f637c.htm,,d3a74e6a-1f5c-46df-a869-fd3373cbffa6,Westlake,,UT,90.3,3
6d7e8a01-34fb-49c0-bfab-8b62c8f19930,2024 Utah Marching Band,3f70ef02-440d-4922-96c8-ec70d434b1c0,Davis Cup Invitational,2022-10-29T00:00:00,Davis High School,,a91328c9-8dc5-4fd8-b0fc-2d42826f637c,6A Open,a91328c9-8dc5-4fd8-b0fc-2d42826f637c,http://recaps.competitionsuite.com/a91328c9-8dc5-4fd8-b0fc-2d42826f637c.htm,,fc6649e1-6341-4acb-b18d-846eb4df312e,Skyridge,,UT,89.475,4
6d7e8a01-34fb-49c0-bfab-8b62c8f19930,2024 Utah Marching Band,3f70ef02-440d-4922-96c8-ec70d434b1c0,Davis Cup Invitational,2022-10-29T00:00:00,Davis High School,,a91328c9-8dc5-4fd8-b0fc-2d42826f637c,6A Open,a91328c9-8dc5-4fd8-b0fc-2d42826f637c,http://recaps.competitionsuite.com/a91328c9-8dc5-4fd8-b0fc-2d42826f637c.htm,,d7ee8ad7-fed9-4a4b-914e-c8a179ae121a,Farmington,,,89.438,5
6d7e8a01-34fb-49c0-bfab-8b62c8f19930,2024 Utah Marching Band,6f3be8f2-d2d8-44c7-b580-b50931117bc3,Mt. Timpanogos Invitational,2022-10-22T00:00:00,American Fork High School,,82b7e880-bdbe-4152-9c4f-462a17ae0b37,3A,82b7e880-bdbe-4152-9c4f-462a17ae0b37,http://recaps.competitionsuite.com/82b7e880-bdbe-4152-9c4f-462a17ae0b37.htm,,f4568ea1-bb12-4507-bb70-927b93e919ea,Ogden,,UT,74.288,1
6d7e8a01-34fb-49c0-bfab-8b62c8f19930,2024 Utah Marching Band,6f3be8f2-d2d8-44c7-b580-b50931117bc3,Mt. Timpanogos Invitational,2022-10-22T00:00:00,American Fork High School,,82b7e880-bdbe-4152-9c4f-462a17ae0b37,3A,82b7e880-bdbe-4152-9c4f-462a17ae0b37,http://recaps.competitionsuite.com/82b7e880-bdbe-4152-9c4f-462a17ae0b37.htm,,9f5bad5a-8f63-4cf0-b3b3-a4e3bfd8a058,Delta,,UT,63.225,2
6d7e8a01-34fb-49c0-bfab-8b62c8f19930,2024 Utah Marching Band,6f3be8f2-d2d8-44c7-b580-b50931117bc3,Mt. Timpanogos Invitational,2022-10-22T00:00:00,American Fork High School,,82b7e880-bdbe-4152-9c4f-462a17ae0b37,3A,82b7e880-bdbe-4152-9c4f-462a17ae0b37,http://recaps.competitionsuite.com/82b7e880-bdbe-4152-9c4f-462a17ae0b37.htm,,03da0fa7-7eca-420a-845b-6c7ec2e40d62,North Sanpete,,UT,61.494,3
6d7e8a01-34fb-49c0-bfab-8b62c8f19930,2024 Utah Marching Band,6f3be8f2-d2d8-44c7-b580-b50931117bc3,Mt. Timpanogos Invitational,2022-10-22T00:00:00,American Fork High School,,82b7e880-bdbe-4152-9c4f-462a17ae0b37,3A,82b7e880-bdbe-4152-9c4f-462a17ae0b37,http://recaps.competitionsuite.com/82b7e880-bdbe-4152-9c4f-462a17ae0b37.htm,,936fff98-42df-4eae-8721-0ff2d5ed29f3,Carbon,,UT,59.538,4
6d7e8a01-34fb-49c0-bfab-8b62c8f19930,2024 Utah Marching Band,6f3be8f2-d2d8-44c7-b580-b50931117bc3,Mt. Timpanogos Invitational,2022-10-22T00:00:00,American Fork High School,,82b7e880-bdbe-4152-9c4f-462a17ae0b37,3A,82b7e880-bdbe-4152-9c4f-462a17ae0b37,http://recaps.competitionsuite.com/82b7e880-bdbe-4152-9c4f-462a17ae0b37.htm,,afe7cab5-c9ad-4eac-84b8-325085859e29,Grand County,,UT,57.025,5
6d7e8a01-34fb-49c0-bfab-8b62c8f19930,2024 Utah Marching Band,6f3be8f2-d2d8-44c7-b580-b50931117bc3,Mt. Timpanogos Invitational,2022-10-22T00:00:00,American Fork High School,,749dc930-1e6a-4659-83c8-45eed4e88505,4A,749dc930-1e6a-4659-83c8-45eed4e88505,http://recaps.competitionsuite.com/749dc930-1e6a-4659-83c8-45eed4e88505.htm,,0240d6a9-6c04-4692-8c7e-19b6f29f8acf,Mountain Crest,,UT,78.763,1
6d7e8a01-34fb-49c0-bfab-8b62c8f19930,2024 Utah Marching Band,6f3be8f2-d2d8-44c7-b580-b50931117bc3,Mt. Timpanogos Invitational,2022-10-22T00:00:00,American Fork High School,,749dc930-1e6a-4659-83c8-45eed4e88505,4A,749dc930-1e6a-4659-83c8-45eed4e88505,http://recaps.competitionsuite.com/749dc930-1e6a-4659-83c8-45eed4e88505.htm,,d1c1a5e2-067a-411e-bd86-4897cb951a50,Ridgeline,,UT,72.363,2
6d7e8a01-34fb-49c0-bfab-8b62c8f19930,2024 Utah Marching Band,6f3be8f2-d2d8-44c7-b580-b50931117bc3,Mt. Timpanogos Invitational,2022-10-22T00:00:00,American Fork High School,,749dc930-1e6a-4659-83c8-45eed4e88505,4A,749dc930-1e6a-4659-83c8-45eed4e88505,http://recaps.competitionsuite.com/749dc930-1e6a-4659-83c8-45eed4e88505.htm,,a83b34ff-fdf1-48c2-a250-a5f526da5409,Sky View,,UT,71.138,3
6d7e8a01-34fb-49c0-bfab-8b62c8f19930,2024 Utah Marching Band,6f3be8f2-d2d8-44c7-b580-b50931117bc3,Mt. Timpanogos Invitational,2022-10-22T00:00:00,American Fork High School,,749dc930-1e6a-4659-83c8-45eed4e88505,4A,749dc930-1e6a-4659-83c8-45eed4e88505,http://recaps.competitionsuite.com/749dc930-1e6a-4659-83c8-45eed4e88505.htm,,d272dc14-c428-47f1-ae4d-2c495a20c8eb,Bear River,,UT,55.613,4
6d7e8a01-34fb-49c0-bfab-8b62c8f19930,2024 Utah Marching Band,6f3be8f2-d2d8-44c7-b580-b50931117bc3,Mt. Timpanogos Invitational,2022-10-22T00:00:00,American Fork High School,,5a7ab71e-a252-4030-855e-b5a61d16c9e7,5A Scholastic,5a7ab71e-a252-4030-855e-b5a61d16c9e7,http://recaps.competitionsuite.com/5a7ab71e-a252-4030-855e-b5a61d16c9e7.htm,,0d1d5cb4-2754-4ebd-9526-a56e227c2c95,Orem,,UT,75.05,1
6d7e8a01-34fb-49c0-bfab-8b62c8f19930,2024 Utah Marching Band,6f3be8f2-d2d8-44c7-b580-b50931117bc3,Mt. Timpanogos Invitational,2022-10-22T00:00:00,American Fork High School,,5a7ab71e-a252-4030-855e-b5a61d16c9e7,5A Scholastic,5a7ab71e-a252-4030-855e-b5a61d16c9e7,http://recaps.competitionsuite.com/5a7ab71e-a252-4030-855e-b5a61d16c9e7.htm,,fea10192-b25f-4f28-a11d-60f7e2f9bedf,Timpview,,UT,74.013,2
6d7e8a01-34fb-49c0-bfab-8b62c8f19930,2024 Utah Marching Band,6f3be8f2-d2d8-44c7-b580-b50931117bc3,Mt. Timpanogos Invitational,2022-10-22T00:00:00,American Fork High School,,5a7ab71e-a252-4030-855e-b5a61d16c9e7,5A Scholastic,5a7ab71e-a252-4030-855e-b5a61d16c9e7,http://recaps.competitionsuite.com/5a7ab71e-a252-4030-855e-b5a61d16c9e7.htm,,14c9a538-0196-463f-909f-0d5f9d3bbb72,Provo,,UT,73.725,3
6d7e8a01-34fb-49c0-bfab-8b62c8f19930,2024 Utah Marching Band,6f3be8f2-d2d8-44c7-b580-b50931117bc3,Mt. Timpanogos Invitational,2022-10-22T00:00:00,American Fork High School,,5a7ab71e-a252-4030-855e-b5a61d16c9e7,5A Scholastic,5a7ab71e-a252-4030-855e-b5a61d16c9e7,http://recaps.competitionsuite.com/5a7ab71e-a252-4030-855e-b5a61d16c9e7.htm,,ceed7d39-c316-4885-894d-c6701df99c96,Salem Hills,,UT,71.188,4
6d7e8a01-34fb-49c0-bfab-8b62c8f19930,2024 Utah Marching Band,6f3be8f2-d2d8-44c7-b580-b50931117bc3,Mt. Timpanogos Invitational,2022-10-22T00:00:00,American Fork High School,,5a7ab71e-a252-4030-855e-b5a61d16c9e7,5A Scholastic,5a7ab71e-a252-4030-855e-b5a61d16c9e7,http://recaps.competitionsuite.com/5a7ab71e-a252-4030-855e-b5a61d16c9e7.htm,,fb18e974-370f-41bc-bfcd-3d6ccb96edd6,Wasatch,Heber,UT,69.75,5
6d7e8a01-34fb-49c0-bfab-8b62c8f19930,2024 Utah Marching Band,6f3be8f2-d2d8-44c7-b580-b50931117bc3,Mt. Timpanogos Invitational,2022-10-22T00:00:00,American Fork High School,,5a7ab71e-a252-4030-855e-b5a61d16c9e7,5A Scholastic,5a7ab71e-a252-4030-855e-b5a61d16c9e7,http://recaps.competitionsuite.com/5a7ab71e-a252-4030-855e-b5a61d16c9e7.htm,,ec3a2bb1-0d9b-4205-b8d2-6d67b293779d,Northridge,,UT,69.063,6
6d7e8a01-34fb-49c0-bfab-8b62c8f19930,2024 Utah Marching Band,6f3be8f2-d2d8-44c7-b580-b50931117bc3,Mt. Timpanogos Invitational,2022-10-22T00:00:00,American Fork High School,,5a7ab71e-a252-4030-855e-b5a61d16c9e7,5A Scholastic,5a7ab71e-a252-4030-855e-b5a61d16c9e7,http://recaps.competitionsuite.com/5a7ab71e-a252-4030-855e-b5a61d16c9e7.htm,,c0e461e2-6573-4617-a001-f90b119916d7,Spanish Fork,,UT,68.306,7
6d7e8a01-34fb-49c0-bfab-8b62c8f19930,2024 Utah Marching Band,6f3be8f2-d2d8-44c7-b580-b50931117bc3,Mt. Timpanogos Invitational,2022-10-22T00:00:00,American Fork High School,,5a7ab71e-a252-4030-855e-b5a61d16c9e7,5A Scholastic,5a7ab71e-a252-4030-855e-b5a61d16c9e7,http://recaps.competitionsuite.com/5a7ab71e-a252-4030-855e-b5a61d16c9e7.htm,,dc0d0330-5015-4e95-8243-041cf9fc57ab,Uintah,,UT,67.625,8
6d7e8a01-34fb-49c0-bfab-8b62c8f19930,2024 Utah Marching Band,6f3be8f2-d2d8-44c7-b580-b50931117bc3,Mt. Timpanogos Invitational,2022-10-22T00:00:00,American Fork High School,,5a7ab71e-a252-4030-855e-b5a61d16c9e7,5A Scholastic,5a7ab71e-a252-4030-855e-b5a61d16c9e7,http://recaps.competitionsuite.com/5a7ab71e-a252-4030-855e-b5a61d16c9e7.htm,,3aa2198f-a553-464e-b77e-89856d1f053b,Springville,,UT,65.638,9
6d7e8a01-34fb-49c0-bfab-8b62c8f19930,2024 Utah Marching Band,6f3be8f2-d2d8-44c7-b580-b50931117bc3,Mt. Timpanogos Invitational,2022-10-22T00:00:00,American Fork High School,,5a7ab71e-a252-4030-855e-b5a61d16c9e7,5A Scholastic,5a7ab71e-a252-4030-855e-b5a61d16c9e7,http://recaps.competitionsuite.com/5a7ab71e-a252-4030-855e-b5a61d16c9e7.htm,,286c99a5-0135-40b7-93fa-65bb093b24be,Payson,,UT,60.563,10
6d7e8a01-34fb-49c0-bfab-8b62c8f19930,2024 Utah Marching Band,6f3be8f2-d2d8-44c7-b580-b50931117bc3,Mt. Timpanogos Invitational,2022-10-22T00:00:00,American Fork High School,,53aff693-77c7-4fc7-9ccd-9dc05c4206e7,5A Open,53aff693-77c7-4fc7-9ccd-9dc05c4206e7,http://recaps.competitionsuite.com/53aff693-77c7-4fc7-9ccd-9dc05c4206e7.htm,,b02a8d57-73be-4b60-b1e6-7cd84b1e04fd,Green Canyon,,,85.663,1
6d7e8a01-34fb-49c0-bfab-8b62c8f19930,2024 Utah Marching Band,6f3be8f2-d2d8-44c7-b580-b50931117bc3,Mt. Timpanogos Invitational,2022-10-22T00:00:00,American Fork High School,,53aff693-77c7-4fc7-9ccd-9dc05c4206e7,5A Open,53aff693-77c7-4fc7-9ccd-9dc05c4206e7,http://recaps.competitionsuite.com/53aff693-77c7-4fc7-9ccd-9dc05c4206e7.htm,,dddc8629-bc30-43d9-a32f-4bb43e15fd2f,Cedar Valley,,,85.25,2
6d7e8a01-34fb-49c0-bfab-8b62c8f19930,2024 Utah Marching Band,6f3be8f2-d2d8-44c7-b580-b50931117bc3,Mt. Timpanogos Invitational,2022-10-22T00:00:00,American Fork High School,,53aff693-77c7-4fc7-9ccd-9dc05c4206e7,5A Open,53aff693-77c7-4fc7-9ccd-9dc05c4206e7,http://recaps.competitionsuite.com/53aff693-77c7-4fc7-9ccd-9dc05c4206e7.htm,,5892f244-af6f-4d4e-8620-ea698b0b061d,Lehi,,UT,82.769,3
6d7e8a01-34fb-49c0-bfab-8b62c8f19930,2024 Utah Marching Band,6f3be8f2-d2d8-44c7-b580-b50931117bc3,Mt. Timpanogos Invitational,2022-10-22T00:00:00,American Fork High School,,53aff693-77c7-4fc7-9ccd-9dc05c4206e7,5A Open,53aff693-77c7-4fc7-9ccd-9dc05c4206e7,http://recaps.competitionsuite.com/53aff693-77c7-4fc7-9ccd-9dc05c4206e7.htm,,1b961546-b83e-48f7-96c8-b0686e813081,Maple Mountain,,UT,80.463,4
6d7e8a01-34fb-49c0-bfab-8b62c8f19930,2024 Utah Marching Band,6f3be8f2-d2d8-44c7-b580-b50931117bc3,Mt. Timpanogos Invitational,2022-10-22T00:00:00,American Fork High School,,53aff693-77c7-4fc7-9ccd-9dc05c4206e7,5A Open,53aff693-77c7-4fc7-9ccd-9dc05c4206e7,http://recaps.competitionsuite.com/53aff693-77c7-4fc7-9ccd-9dc05c4206e7.htm,,725a8fbd-f1f9-4e54-8187-93daa1c41eaa,Tooele,,UT,73.688,5
6d7e8a01-34fb-49c0-bfab-8b62c8f19930,2024 Utah Marching Band,6f3be8f2-d2d8-44c7-b580-b50931117bc3,Mt. Timpanogos Invitational,2022-10-22T00:00:00,American Fork High School,,62826160-9357-4e3c-a9d3-bff2f2050597,6A Scholastic,62826160-9357-4e3c-a9d3-bff2f2050597,http://recaps.competitionsuite.com/62826160-9357-4e3c-a9d3-bff2f2050597.htm,,9406235c-d621-404d-b5b6-c5e20c2b85d5,Lone Peak,,UT,80.088,1
6d7e8a01-34fb-49c0-bfab-8b62c8f19930,2024 Utah Marching Band,6f3be8f2-d2d8-44c7-b580-b50931117bc3,Mt. Timpanogos Invitational,2022-10-22T00:00:00,American Fork High School,,62826160-9357-4e3c-a9d3-bff2f2050597,6A Scholastic,62826160-9357-4e3c-a9d3-bff2f2050597,http://recaps.competitionsuite.com/62826160-9357-4e3c-a9d3-bff2f2050597.htm,,58494639-d2cb-4b73-b4a0-c4ecf8445fc3,Pleasant Grove,,UT,76.125,2
6d7e8a01-34fb-49c0-bfab-8b62c8f19930,2024 Utah Marching Band,6f3be8f2-d2d8-44c7-b580-b50931117bc3,Mt. Timpanogos Invitational,2022-10-22T00:00:00,American Fork High School,,62826160-9357-4e3c-a9d3-bff2f2050597,6A Scholastic,62826160-9357-4e3c-a9d3-bff2f2050597,http://recaps.competitionsuite.com/62826160-9357-4e3c-a9d3-bff2f2050597.htm,,803f475d-2b45-4f04-8340-ad583908254b,Fremont,,UT,73.788,3
6d7e8a01-34fb-49c0-bfab-8b62c8f19930,2024 Utah Marching Band,6f3be8f2-d2d8-44c7-b580-b50931117bc3,Mt. Timpanogos Invitational,2022-10-22T00:00:00,American Fork High School,,62826160-9357-4e3c-a9d3-bff2f2050597,6A Scholastic,62826160-9357-4e3c-a9d3-bff2f2050597,http://recaps.competitionsuite.com/62826160-9357-4e3c-a9d3-bff2f2050597.htm,,a5824749-6e6c-4c34-a0d2-d2638a34f09f,Mountain Ridge,,,73.669,4
6d7e8a01-34fb-49c0-bfab-8b62c8f19930,2024 Utah Marching Band,6f3be8f2-d2d8-44c7-b580-b50931117bc3,Mt. Timpanogos Invitational,2022-10-22T00:00:00,American Fork High School,,62826160-9357-4e3c-a9d3-bff2f2050597,6A Scholastic,62826160-9357-4e3c-a9d3-bff2f2050597,http://recaps.competitionsuite.com/62826160-9357-4e3c-a9d3-bff2f2050597.htm,,311197c9-3f3a-4b8f-abfa-ab1adc98f5f8,Copper Hills,,UT,68.581,5
6d7e8a01-34fb-49c0-bfab-8b62c8f19930,2024 Utah Marching Band,6f3be8f2-d2d8-44c7-b580-b50931117bc3,Mt. Timpanogos Invitational,2022-10-22T00:00:00,American Fork High School,,62826160-9357-4e3c-a9d3-bff2f2050597,6A Scholastic,62826160-9357-4e3c-a9d3-bff2f2050597,http://recaps.competitionsuite.com/62826160-9357-4e3c-a9d3-bff2f2050597.htm,,0cd61d0b-789a-4fea-8600-d27247ad4960,Roy,,UT,65.869,6
6d7e8a01-34fb-49c0-bfab-8b62c8f19930,2024 Utah Marching Band,6f3be8f2-d2d8-44c7-b580-b50931117bc3,Mt. Timpanogos Invitational,2022-10-22T00:00:00,American Fork High School,,3f0cc102-1abd-46c3-9dc7-e06e78dd8958,6A Open,3f0cc102-1abd-46c3-9dc7-e06e78dd8958,http://recaps.competitionsuite.com/3f0cc102-1abd-46c3-9dc7-e06e78dd8958.htm,,e3183fd4-88b8-4401-a63b-ae185ea543da,American Fork,,UT,93.525,1
6d7e8a01-34fb-49c0-bfab-8b62c8f19930,2024 Utah Marching Band,6f3be8f2-d2d8-44c7-b580-b50931117bc3,Mt. Timpanogos Invitational,2022-10-22T00:00:00,American Fork High School,,3f0cc102-1abd-46c3-9dc7-e06e78dd8958,6A Open,3f0cc102-1abd-46c3-9dc7-e06e78dd8958,http://recaps.competitionsuite.com/3f0cc102-1abd-46c3-9dc7-e06e78dd8958.htm,,001be0e6-abf6-4b39-a0d0-6c1801312cbe,Westlake,,UT,89.738,2
6d7e8a01-34fb-49c0-bfab-8b62c8f19930,2024 Utah Marching Band,6f3be8f2-d2d8-44c7-b580-b50931117bc3,Mt. Timpanogos Invitational,2022-10-22T00:00:00,American Fork High School,,3f0cc102-1abd-46c3-9dc7-e06e78dd8958,6A Open,3f0cc102-1abd-46c3-9dc7-e06e78dd8958,http://recaps.competitionsuite.com/3f0cc102-1abd-46c3-9dc7-e06e78dd8958.htm,,1048130e-76f5-4f2a-9ac8-ab7d1f4047f9,Davis,,UT,89.2,3
6d7e8a01-34fb-49c0-bfab-8b62c8f19930,2024 Utah Marching Band,6f3be8f2-d2d8-44c7-b580-b50931117bc3,Mt. Timpanogos Invitational,2022-10-22T00:00:00,American Fork High School,,3f0cc102-1abd-46c3-9dc7-e06e78dd8958,6A Open,3f0cc102-1abd-46c3-9dc7-e06e78dd8958,http://recaps.competitionsuite.com/3f0cc102-1abd-46c3-9dc7-e06e78dd8958.htm,,a7527256-ad36-4d28-a63a-bf50f47c69a8,Skyridge,,UT,87.75,4
6d7e8a01-34fb-49c0-bfab-8b62c8f19930,2024 Utah Marching Band,6f3be8f2-d2d8-44c7-b580-b50931117bc3,Mt. Timpanogos Invitational,2022-10-22T00:00:00,American Fork High School,,3f0cc102-1abd-46c3-9dc7-e06e78dd8958,6A Open,3f0cc102-1abd-46c3-9dc7-e06e78dd8958,http://recaps.competitionsuite.com/3f0cc102-1abd-46c3-9dc7-e06e78dd8958.htm,,b43d1290-7b08-4e82-843b-da09cb5be831,Farmington,,,86.263,5
6d7e8a01-34fb-49c0-bfab-8b62c8f19930,2024 Utah Marching Band,bc356c04-f7a0-49bd-ae03-682ab3eb69e0,Wasatch Front Invitational,2022-10-08T00:00:00,Riverton High School,,ba216c21-04d8-4720-a714-ff79546b221a,6A Scholastic,ba216c21-04d8-4720-a714-ff79546b221a,http://recaps.competitionsuite.com/ba216c21-04d8-4720-a714-ff79546b221a.htm,,e71de2ac-e7da-465e-bce5-4b1d4f85eec6,Lone Peak,,UT,81.9,1
6d7e8a01-34fb-49c0-bfab-8b62c8f19930,2024 Utah Marching Band,bc356c04-f7a0-49bd-ae03-682ab3eb69e0,Wasatch Front Invitational,2022-10-08T00:00:00,Riverton High School,,ba216c21-04d8-4720-a714-ff79546b221a,6A Scholastic,ba216c21-04d8-4720-a714-ff79546b221a,http://recaps.competitionsuite.com/ba216c21-04d8-4720-a714-ff79546b221a.htm,,91ceb15b-6c56-4fbe-9774-97a60ca38486,Riverton,,UT,76.75,2
6d7e8a01-34fb-49c0-bfab-8b62c8f19930,2024 Utah Marching Band,bc356c04-f7a0-49bd-ae03-682ab3eb69e0,Wasatch Front Invitational,2022-10-08T00:00:00,Riverton High School,,ba216c21-04d8-4720-a714-ff79546b221a,6A Scholastic,ba216c21-04d8-4720-a714-ff79546b221a,http://recaps.competitionsuite.com/ba216c21-04d8-4720-a714-ff79546b221a.htm,,d241c1f0-2b40-45ee-88a0-6fcd4eeb7b71,Mountain Ridge,,,75.288,3
6d7e8a01-34fb-49c0-bfab-8b62c8f19930,2024 Utah Marching Band,bc356c04-f7a0-49bd-ae03-682ab3eb69e0,Wasatch Front Invitational,2022-10-08T00:00:00,Riverton High School,,ba216c21-04d8-4720-a714-ff79546b221a,6A Scholastic,ba216c21-04d8-4720-a714-ff79546b221a,http://recaps.competitionsuite.com/ba216c21-04d8-4720-a714-ff79546b221a.htm,,856fdb3f-5c54-436a-ad7c-04c96ad6a34a,West Jordan,,UT,73.075,4
6d7e8a01-34fb-49c0-bfab-8b62c8f19930,2024 Utah Marching Band,bc356c04-f7a0-49bd-ae03-682ab3eb69e0,Wasatch Front Invitational,2022-10-08T00:00:00,Riverton High School,,ba216c21-04d8-4720-a714-ff79546b221a,6A Scholastic,ba216c21-04d8-4720-a714-ff79546b221a,http://recaps.competitionsuite.com/ba216c21-04d8-4720-a714-ff79546b221a.htm,,2fadf0a7-c38f-4ce1-9ffc-4fcdd9a7da5a,Pleasant Grove,,UT,69.663,5
6d7e8a01-34fb-49c0-bfab-8b62c8f19930,2024 Utah Marching Band,bc356c04-f7a0-49bd-ae03-682ab3eb69e0,Wasatch Front Invitational,2022-10-08T00:00:00,Riverton High School,,ba216c21-04d8-4720-a714-ff79546b221a,6A Scholastic,ba216c21-04d8-4720-a714-ff79546b221a,http://recaps.competitionsuite.com/ba216c21-04d8-4720-a714-ff79546b221a.htm,,e8897112-7b35-43cc-b08e-912de16bacf3,Copper Hills,,UT,68.388,6
6d7e8a01-34fb-49c0-bfab-8b62c8f19930,2024 Utah Marching Band,bc356c04-f7a0-49bd-ae03-682ab3eb69e0,Wasatch Front Invitational,2022-10-08T00:00:00,Riverton High School,,ba216c21-04d8-4720-a714-ff79546b221a,6A Scholastic,ba216c21-04d8-4720-a714-ff79546b221a,http://recaps.competitionsuite.com/ba216c21-04d8-4720-a714-ff79546b221a.htm,,4ffa1ec1-fd95-42fb-81f2-af8a19c362ac,Kearns,,UT,59.15,7
6d7e8a01-34fb-49c0-bfab-8b62c8f19930,2024 Utah Marching Band,bc356c04-f7a0-49bd-ae03-682ab3eb69e0,Wasatch Front Invitational,2022-10-08T00:00:00,Riverton High School,,b68d7db6-9318-490d-bf4a-8f3a52c52125,6A Open,b68d7db6-9318-490d-bf4a-8f3a52c52125,http://recaps.competitionsuite.com/b68d7db6-9318-490d-bf4a-8f3a52c52125.htm,,15c08f84-0827-41d3-a3e3-dc10dc6f6785,American Fork,,UT,91.763,1
6d7e8a01-34fb-49c0-bfab-8b62c8f19930,2024 Utah Marching Band,bc356c04-f7a0-49bd-ae03-682ab3eb69e0,Wasatch Front Invitational,2022-10-08T00:00:00,Riverton High School,,b68d7db6-9318-490d-bf4a-8f3a52c52125,6A Open,b68d7db6-9318-490d-bf4a-8f3a52c52125,http://recaps.competitionsuite.com/b68d7db6-9318-490d-bf4a-8f3a52c52125.htm,,340a19df-354b-4c6d-be37-c459e00c3a99,Westlake,,UT,87.044,2
6d7e8a01-34fb-49c0-bfab-8b62c8f19930,2024 Utah Marching Band,bc356c04-f7a0-49bd-ae03-682ab3eb69e0,Wasatch Front Invitational,2022-10-08T00:00:00,Riverton High School,,b68d7db6-9318-490d-bf4a-8f3a52c52125,6A Open,b68d7db6-9318-490d-bf4a-8f3a52c52125,http://recaps.competitionsuite.com/b68d7db6-9318-490d-bf4a-8f3a52c52125.htm,,6c5c0200-e0dd-4194-b1d6-0129d8934d44,Farmington,,,87.0,3
6d7e8a01-34fb-49c0-bfab-8b62c8f19930,2024 Utah Marching Band,bc356c04-f7a0-49bd-ae03-682ab3eb69e0,Wasatch Front Invitational,2022-10-08T00:00:00,Riverton High School,,b68d7db6-9318-490d-bf4a-8f3a52c52125,6A Open,b68d7db6-9318-490d-bf4a-8f3a52c52125,http://recaps.competitionsuite.com/b68d7db6-9318-490d-bf4a-8f3a52c52125.htm,,56b81097-c44f-4932-857a-92443fd21d16,Skyridge,,UT,86.988,4
6d7e8a01-34fb-49c0-bfab-8b62c8f19930,2024 Utah Marching Band,bc356c04-f7a0-49bd-ae03-682ab3eb69e0,Wasatch Front Invitational,2022-10-08T00:00:00,Riverton High School,,b68d7db6-9318-490d-bf4a-8f3a52c52125,6A Open,b68d7db6-9318-490d-bf4a-8f3a52c52125,http://recaps.competitionsuite.com/b68d7db6-9318-490d-bf4a-8f3a52c52125.htm,,4f71d03e-4d81-4a3f-824c-aea941762ef8,Davis,,UT,85.15,5
6d7e8a01-34fb-49c0-bfab-8b62c8f19930,2024 Utah Marching Band,bc356c04-f7a0-49bd-ae03-682ab3eb69e0,Wasatch Front Invitational,2022-10-08T00:00:00,Riverton High School,,b68d7db6-9318-490d-bf4a-8f3a52c52125,6A Open,b68d7db6-9318-490d-bf4a-8f3a52c52125,http://recaps.competitionsuite.com/b68d7db6-9318-490d-bf4a-8f3a52c52125.htm,,547c7999-7900-4bb9-9def-1dd73c5aca16,Herriman,,UT,80.231,6
6d7e8a01-34fb-49c0-bfab-8b62c8f19930,2024 Utah Marching Band,bc356c04-f7a0-49bd-ae03-682ab3eb69e0,Wasatch Front Invitational,2022-10-08T00:00:00,Riverton High School,,b68d7db6-9318-490d-bf4a-8f3a52c52125,6A Open,b68d7db6-9318-490d-bf4a-8f3a52c52125,http://recaps.competitionsuite.com/b68d7db6-9318-490d-bf4a-8f3a52c52125.htm,,4d5d0db1-e00a-41bf-8080-29486d7654cc,Bingham,,UT,77.1,7
6d7e8a01-34fb-49c0-bfab-8b62c8f19930,2024 Utah Marching Band,bc356c04-f7a0-49bd-ae03-682ab3eb69e0,Wasatch Front Invitational,2022-10-08T00:00:00,Riverton High School,,3e176038-ad33-4d0f-ab93-c8b9795c9bd2,3A,3e176038-ad33-4d0f-ab93-c8b9795c9bd2,http://recaps.competitionsuite.com/3e176038-ad33-4d0f-ab93-c8b9795c9bd2.htm,,4a9aba53-1f4a-4613-ac3f-d315e6fce5a6,Ogden,,UT,67.9,1
6d7e8a01-34fb-49c0-bfab-8b62c8f19930,2024 Utah Marching Band,bc356c04-f7a0-49bd-ae03-682ab3eb69e0,Wasatch Front Invitational,2022-10-08T00:00:00,Riverton High School,,3e176038-ad33-4d0f-ab93-c8b9795c9bd2,3A,3e176038-ad33-4d0f-ab93-c8b9795c9bd2,http://recaps.competitionsuite.com/3e176038-ad33-4d0f-ab93-c8b9795c9bd2.htm,,6ecfee4d-bc48-456a-a61a-bcc747311df6,Delta,,UT,61.888,2
6d7e8a01-34fb-49c0-bfab-8b62c8f19930,2024 Utah Marching Band,bc356c04-f7a0-49bd-ae03-682ab3eb69e0,Wasatch Front Invitational,2022-10-08T00:00:00,Riverton High School,,3e176038-ad33-4d0f-ab93-c8b9795c9bd2,3A,3e176038-ad33-4d0f-ab93-c8b9795c9bd2,http://recaps.competitionsuite.com/3e176038-ad33-4d0f-ab93-c8b9795c9bd2.htm,,7ead67f5-fe38-4020-9a8a-590df81265c7,Carbon,,UT,60.725,3
6d7e8a01-34fb-49c0-bfab-8b62c8f19930,2024 Utah Marching Band,bc356c04-f7a0-49bd-ae03-682ab3eb69e0,Wasatch Front Invitational,2022-10-08T00:00:00,Riverton High School,,3e176038-ad33-4d0f-ab93-c8b9795c9bd2,3A,3e176038-ad33-4d0f-ab93-c8b9795c9bd2,http://recaps.competitionsuite.com/3e176038-ad33-4d0f-ab93-c8b9795c9bd2.htm,,0cbfdb81-3dfa-4ce1-a2bf-96f9de3aa1a6,Grand County,,UT,56.288,4
6d7e8a01-34fb-49c0-bfab-8b62c8f19930,2024 Utah Marching Band,bc356c04-f7a0-49bd-ae03-682ab3eb69e0,Wasatch Front Invitational,2022-10-08T00:00:00,Riverton High School,,3cf2ec33-7842-41ed-8191-ac951b9e973c,4A,3cf2ec33-7842-41ed-8191-ac951b9e973c,http://recaps.competitionsuite.com/3cf2ec33-7842-41ed-8191-ac951b9e973c.htm,,64bc7101-1645-431a-9c9e-1f9aed2eae71,Sky View,,UT,74.85,1
6d7e8a01-34fb-49c0-bfab-8b62c8f19930,2024 Utah Marching Band,bc356c04-f7a0-49bd-ae03-682ab3eb69e0,Wasatch Front Invitational,2022-10-08T00:00:00,Riverton High School,,3cf2ec33-7842-41ed-8191-ac951b9e973c,4A,3cf2ec33-7842-41ed-8191-ac951b9e973c,http://recaps.competitionsuite.com/3cf2ec33-7842-41ed-8191-ac951b9e973c.htm,,9f947dac-0734-4fcd-8251-3e5a15b0c19b,Mountain Crest,,UT,74.45,2
6d7e8a01-34fb-49c0-bfab-8b62c8f19930,2024 Utah Marching Band,bc356c04-f7a0-49bd-ae03-682ab3eb69e0,Wasatch Front Invitational,2022-10-08T00:00:00,Riverton High School,,3cf2ec33-7842-41ed-8191-ac951b9e973c,4A,3cf2ec33-7842-41ed-8191-ac951b9e973c,http://recaps.competitionsuite.com/3cf2ec33-7842-41ed-8191-ac951b9e973c.htm,,55142162-b124-4665-817e-ead5ba397abd,Ridgevue,,,72.906,3
6d7e8a01-34fb-49c0-bfab-8b62c8f19930,2024 Utah Marching Band,bc356c04-f7a0-49bd-ae03-682ab3eb69e0,Wasatch Front Invitational,2022-10-08T00:00:00,Riverton High School,,3cf2ec33-7842-41ed-8191-ac951b9e973c,4A,3cf2ec33-7842-41ed-8191-ac951b9e973c,http://recaps.competitionsuite.com/3cf2ec33-7842-41ed-8191-ac951b9e973c.htm,,1ab9f1ee-f610-44d7-b0a3-dd8bdf858fbf,Caldwell,,,71.906,4
6d7e8a01-34fb-49c0-bfab-8b62c8f19930,2024 Utah Marching Band,bc356c04-f7a0-49bd-ae03-682ab3eb69e0,Wasatch Front Invitational,2022-10-08T00:00:00,Riverton High School,,3cf2ec33-7842-41ed-8191-ac951b9e973c,4A,3cf2ec33-7842-41ed-8191-ac951b9e973c,http://recaps.competitionsuite.com/3cf2ec33-7842-41ed-8191-ac951b9e973c.htm,,cd8c904d-c3ac-4120-a3e7-cb145929c379,Ridgeline,,UT,71.763,5
6d7e8a01-34fb-49c0-bfab-8b62c8f19930,2024 Utah Marching Band,bc356c04-f7a0-49bd-ae03-682ab3eb69e0,Wasatch Front Invitational,2022-10-08T00:00:00,Riverton High School,,b9ca7e80-f243-41bc-a14f-c76693e4abe4,5A Scholastic,b9ca7e80-f243-41bc-a14f-c76693e4abe4,http://recaps.competitionsuite.com/b9ca7e80-f243-41bc-a14f-c76693e4abe4.htm,,6fe026f0-51ae-47d0-8be3-ae9d0055b1ac,Timpview,,UT,75.938,1
6d7e8a01-34fb-49c0-bfab-8b62c8f19930,2024 Utah Marching Band,bc356c04-f7a0-49bd-ae03-682ab3eb69e0,Wasatch Front Invitational,2022-10-08T00:00:00,Riverton High School,,b9ca7e80-f243-41bc-a14f-c76693e4abe4,5A Scholastic,b9ca7e80-f243-41bc-a14f-c76693e4abe4,http://recaps.competitionsuite.com/b9ca7e80-f243-41bc-a14f-c76693e4abe4.htm,,8b50b15d-11a8-4696-a9ea-d108569bc8b5,Provo,,UT,74.806,2
6d7e8a01-34fb-49c0-bfab-8b62c8f19930,2024 Utah Marching Band,bc356c04-f7a0-49bd-ae03-682ab3eb69e0,Wasatch Front Invitational,2022-10-08T00:00:00,Riverton High School,,b9ca7e80-f243-41bc-a14f-c76693e4abe4,5A Scholastic,b9ca7e80-f243-41bc-a14f-c76693e4abe4,http://recaps.competitionsuite.com/b9ca7e80-f243-41bc-a14f-c76693e4abe4.htm,,2168b9f1-cff2-48de-8159-16e7a6636280,Salem Hills,,UT,72.844,3
6d7e8a01-34fb-49c0-bfab-8b62c8f19930,2024 Utah Marching Band,bc356c04-f7a0-49bd-ae03-682ab3eb69e0,Wasatch Front Invitational,2022-10-08T00:00:00,Riverton High School,,b9ca7e80-f243-41bc-a14f-c76693e4abe4,5A Scholastic,b9ca7e80-f243-41bc-a14f-c76693e4abe4,http://recaps.competitionsuite.com/b9ca7e80-f243-41bc-a14f-c76693e4abe4.htm,,6ae3e058-28c9-46e9-991b-2f21fb708ac7,Orem,,UT,71.775,4
6d7e8a01-34fb-49c0-bfab-8b62c8f19930,2024 Utah Marching Band,bc356c04-f7a0-49bd-ae03-682ab3eb69e0,Wasatch Front Invitational,2022-10-08T00:00:00,Riverton High School,,b9ca7e80-f243-41bc-a14f-c76693e4abe4,5A Scholastic,b9ca7e80-f243-41bc-a14f-c76693e4abe4,http://recaps.competitionsuite.com/b9ca7e80-f243-41bc-a14f-c76693e4abe4.htm,,2875e5b6-e546-4128-8808-afede02baa13,Uintah,,UT,67.288,5
6d7e8a01-34fb-49c0-bfab-8b62c8f19930,2024 Utah Marching Band,bc356c04-f7a0-49bd-ae03-682ab3eb69e0,Wasatch Front Invitational,2022-10-08T00:00:00,Riverton High School,,b9ca7e80-f243-41bc-a14f-c76693e4abe4,5A Scholastic,b9ca7e80-f243-41bc-a14f-c76693e4abe4,http://recaps.competitionsuite.com/b9ca7e80-f243-41bc-a14f-c76693e4abe4.htm,,f2b31b5c-2a21-4625-a0d1-a5dc3527289e,Northridge,,UT,67.1,6
6d7e8a01-34fb-49c0-bfab-8b62c8f19930,2024 Utah Marching Band,bc356c04-f7a0-49bd-ae03-682ab3eb69e0,Wasatch Front Invitational,2022-10-08T00:00:00,Riverton High School,,b9ca7e80-f243-41bc-a14f-c76693e4abe4,5A Scholastic,b9ca7e80-f243-41bc-a14f-c76693e4abe4,http://recaps.competitionsuite.com/b9ca7e80-f243-41bc-a14f-c76693e4abe4.htm,,5cfba8ab-3548-4355-932f-bb00bca376a1,Wasatch,Heber,UT,66.175,7
6d7e8a01-34fb-49c0-bfab-8b62c8f19930,2024 Utah Marching Band,bc356c04-f7a0-49bd-ae03-682ab3eb69e0,Wasatch Front Invitational,2022-10-08T00:00:00,Riverton High School,,b9ca7e80-f243-41bc-a14f-c76693e4abe4,5A Scholastic,b9ca7e80-f243-41bc-a14f-c76693e4abe4,http://recaps.competitionsuite.com/b9ca7e80-f243-41bc-a14f-c76693e4abe4.htm,,e26b067a-cecf-429d-9d90-19fe385f0653,Springville,,UT,63.763,8
6d7e8a01-34fb-49c0-bfab-8b62c8f19930,2024 Utah Marching Band,bc356c04-f7a0-49bd-ae03-682ab3eb69e0,Wasatch Front Invitational,2022-10-08T00:00:00,Riverton High School,,b9ca7e80-f243-41bc-a14f-c76693e4abe4,5A Scholastic,b9ca7e80-f243-41bc-a14f-c76693e4abe4,http://recaps.competitionsuite.com/b9ca7e80-f243-41bc-a14f-c76693e4abe4.htm,,639a1e25-1d33-445c-b0c1-5dabcd2a2f43,Payson,,UT,63.169,9
6d7e8a01-34fb-49c0-bfab-8b62c8f19930,2024 Utah Marching Band,bc356c04-f7a0-49bd-ae03-682ab3eb69e0,Wasatch Front Invitational,2022-10-08T00:00:00,Riverton High School,,b9ca7e80-f243-41bc-a14f-c76693e4abe4,5A Scholastic,b9ca7e80-f243-41bc-a14f-c76693e4abe4,http://recaps.competitionsuite.com/b9ca7e80-f243-41bc-a14f-c76693e4abe4.htm,,b8b7d86a-661c-4e7d-82db-2d69f4189f1d,Murray,,,60.4,10
6d7e8a01-34fb-49c0-bfab-8b62c8f19930,2024 Utah Marching Band,bc356c04-f7a0-49bd-ae03-682ab3eb69e0,Wasatch Front Invitational,2022-10-08T00:00:00,Riverton High School,,12ca877f-0d6d-4b44-b2e0-42e0a12b2785,5A Open,12ca877f-0d6d-4b44-b2e0-42e0a12b2785,http://recaps.competitionsuite.com/12ca877f-0d6d-4b44-b2e0-42e0a12b2785.htm,,4bab90dd-1ca7-4186-8b58-275d321c844b,Green Canyon,,,86.788,1
6d7e8a01-34fb-49c0-bfab-8b62c8f19930,2024 Utah Marching Band,bc356c04-f7a0-49bd-ae03-682ab3eb69e0,Wasatch Front Invitational,2022-10-08T00:00:00,Riverton High School,,12ca877f-0d6d-4b44-b2e0-42e0a12b2785,5A Open,12ca877f-0d6d-4b44-b2e0-42e0a12b2785,http://recaps.competitionsuite.com/12ca877f-0d6d-4b44-b2e0-42e0a12b2785.htm,,0ccef37e-c490-44f6-8a4b-907c6362ae3d,Lehi,,UT,84.206,2
6d7e8a01-34fb-49c0-bfab-8b62c8f19930,2024 Utah Marching Band,bc356c04-f7a0-49bd-ae03-682ab3eb69e0,Wasatch Front Invitational,2022-10-08T00:00:00,Riverton High School,,12ca877f-0d6d-4b44-b2e0-42e0a12b2785,5A Open,12ca877f-0d6d-4b44-b2e0-42e0a12b2785,http://recaps.competitionsuite.com/12ca877f-0d6d-4b44-b2e0-42e0a12b2785.htm,,9e92b1f6-fa68-48fd-ab7f-d799c8ea98ac,Brighton,,,84.063,3
6d7e8a01-34fb-49c0-bfab-8b62c8f19930,2024 Utah Marching Band,bc356c04-f7a0-49bd-ae03-682ab3eb69e0,Wasatch Front Invitational,2022-10-08T00:00:00,Riverton High School,,12ca877f-0d6d-4b44-b2e0-42e0a12b2785,5A Open,12ca877f-0d6d-4b44-b2e0-42e0a12b2785,http://recaps.competitionsuite.com/12ca877f-0d6d-4b44-b2e0-42e0a12b2785.htm,,68cfd14a-57b0-449c-8eb2-fb3c75c399be,Maple Mountain,,UT,80.738,4
6d7e8a01-34fb-49c0-bfab-8b62c8f19930,2024 Utah Marching Band,bc356c04-f7a0-49bd-ae03-682ab3eb69e0,Wasatch Front Invitational,2022-10-08T00:00:00,Riverton High School,,12ca877f-0d6d-4b44-b2e0-42e0a12b2785,5A Open,12ca877f-0d6d-4b44-b2e0-42e0a12b2785,http://recaps.competitionsuite.com/12ca877f-0d6d-4b44-b2e0-42e0a12b2785.htm,,ce0fc40c-5307-4a36-9cec-7ca417c45a96,Alta,,UT,79.263,5
6d7e8a01-34fb-49c0-bfab-8b62c8f19930,2024 Utah Marching Band,bc356c04-f7a0-49bd-ae03-682ab3eb69e0,Wasatch Front Invitational,2022-10-08T00:00:00,Riverton High School,,12ca877f-0d6d-4b44-b2e0-42e0a12b2785,5A Open,12ca877f-0d6d-4b44-b2e0-42e0a12b2785,http://recaps.competitionsuite.com/12ca877f-0d6d-4b44-b2e0-42e0a12b2785.htm,,d1172e99-1dac-4d96-b22d-6c2dac7441aa,Viewmont,,UT,67.269,6
6d7e8a01-34fb-49c0-bfab-8b62c8f19930,2024 Utah Marching Band,bb54a14e-a327-4fad-b83a-f237abc3ebdc,Bridgerland Band Invitational,2022-10-01T00:00:00,"USU Maverik Stadium; Logan, UT",,dfa6924b-bf5b-44a9-bb09-896147f131b3,5A Scholastic,dfa6924b-bf5b-44a9-bb09-896147f131b3,http://recaps.competitionsuite.com/dfa6924b-bf5b-44a9-bb09-896147f131b3.htm,,ad7e3c7b-3dbf-4dc3-8ffd-690f78544ce4,Salem Hills,,UT,72.65,1
6d7e8a01-34fb-49c0-bfab-8b62c8f19930,2024 Utah Marching Band,bb54a14e-a327-4fad-b83a-f237abc3ebdc,Bridgerland Band Invitational,2022-10-01T00:00:00,"USU Maverik Stadium; Logan, UT",,dfa6924b-bf5b-44a9-bb09-896147f131b3,5A Scholastic,dfa6924b-bf5b-44a9-bb09-896147f131b3,http://recaps.competitionsuite.com/dfa6924b-bf5b-44a9-bb09-896147f131b3.htm,,576aa5b3-79be-4709-afc2-7a53352ab7e0,Wasatch,Heber,UT,71.763,2
6d7e8a01-34fb-49c0-bfab-8b62c8f19930,2024 Utah Marching Band,bb54a14e-a327-4fad-b83a-f237abc3ebdc,Bridgerland Band Invitational,2022-10-01T00:00:00,"USU Maverik Stadium; Logan, UT",,dfa6924b-bf5b-44a9-bb09-896147f131b3,5A Scholastic,dfa6924b-bf5b-44a9-bb09-896147f131b3,http://recaps.competitionsuite.com/dfa6924b-bf5b-44a9-bb09-896147f131b3.htm,,e16afd5a-cf89-47c3-bce0-d6090633a2b4,Northridge,,UT,70.938,3
6d7e8a01-34fb-49c0-bfab-8b62c8f19930,2024 Utah Marching Band,bb54a14e-a327-4fad-b83a-f237abc3ebdc,Bridgerland Band Invitational,2022-10-01T00:00:00,"USU Maverik Stadium; Logan, UT",,dfa6924b-bf5b-44a9-bb09-896147f131b3,5A Scholastic,dfa6924b-bf5b-44a9-bb09-896147f131b3,http://recaps.competitionsuite.com/dfa6924b-bf5b-44a9-bb09-896147f131b3.htm,,2aaa6e2a-211e-47a8-b018-1992242e2645,Stansbury,,UT,69.8,4
6d7e8a01-34fb-49c0-bfab-8b62c8f19930,2024 Utah Marching Band,bb54a14e-a327-4fad-b83a-f237abc3ebdc,Bridgerland Band Invitational,2022-10-01T00:00:00,"USU Maverik Stadium; Logan, UT",,dfa6924b-bf5b-44a9-bb09-896147f131b3,5A Scholastic,dfa6924b-bf5b-44a9-bb09-896147f131b3,http://recaps.competitionsuite.com/dfa6924b-bf5b-44a9-bb09-896147f131b3.htm,,932980a8-abd0-4d77-8483-4f6494081664,Uintah,,UT,68.0,5
6d7e8a01-34fb-49c0-bfab-8b62c8f19930,2024 Utah Marching Band,bb54a14e-a327-4fad-b83a-f237abc3ebdc,Bridgerland Band Invitational,2022-10-01T00:00:00,"USU Maverik Stadium; Logan, UT",,dfa6924b-bf5b-44a9-bb09-896147f131b3,5A Scholastic,dfa6924b-bf5b-44a9-bb09-896147f131b3,http://recaps.competitionsuite.com/dfa6924b-bf5b-44a9-bb09-896147f131b3.htm,,d3e2d7db-49a7-4d6c-a9b2-7049414d56ee,Spanish Fork,,UT,67.806,6
6d7e8a01-34fb-49c0-bfab-8b62c8f19930,2024 Utah Marching Band,bb54a14e-a327-4fad-b83a-f237abc3ebdc,Bridgerland Band Invitational,2022-10-01T00:00:00,"USU Maverik Stadium; Logan, UT",,dfa6924b-bf5b-44a9-bb09-896147f131b3,5A Scholastic,dfa6924b-bf5b-44a9-bb09-896147f131b3,http://recaps.competitionsuite.com/dfa6924b-bf5b-44a9-bb09-896147f131b3.htm,,c0aa30c1-7640-4721-b5b8-63f2368bd3b6,Springville,,UT,67.763,7
6d7e8a01-34fb-49c0-bfab-8b62c8f19930,2024 Utah Marching Band,bb54a14e-a327-4fad-b83a-f237abc3ebdc,Bridgerland Band Invitational,2022-10-01T00:00:00,"USU Maverik Stadium; Logan, UT",,dfa6924b-bf5b-44a9-bb09-896147f131b3,5A Scholastic,dfa6924b-bf5b-44a9-bb09-896147f131b3,http://recaps.competitionsuite.com/dfa6924b-bf5b-44a9-bb09-896147f131b3.htm,,ad81e0c4-c264-4d5a-a2c2-c0605a721611,Hillcrest,,,67.1,8
6d7e8a01-34fb-49c0-bfab-8b62c8f19930,2024 Utah Marching Band,bb54a14e-a327-4fad-b83a-f237abc3ebdc,Bridgerland Band Invitational,2022-10-01T00:00:00,"USU Maverik Stadium; Logan, UT",,dab9fff2-113b-4be9-9218-4901b49d1938,5A Open,dab9fff2-113b-4be9-9218-4901b49d1938,http://recaps.competitionsuite.com/dab9fff2-113b-4be9-9218-4901b49d1938.htm,,1e396185-833d-4962-b7ef-194cc8f5d2c9,Green Canyon,,,87.15,1
6d7e8a01-34fb-49c0-bfab-8b62c8f19930,2024 Utah Marching Band,bb54a14e-a327-4fad-b83a-f237abc3ebdc,Bridgerland Band Invitational,2022-10-01T00:00:00,"USU Maverik Stadium; Logan, UT",,dab9fff2-113b-4be9-9218-4901b49d1938,5A Open,dab9fff2-113b-4be9-9218-4901b49d1938,http://recaps.competitionsuite.com/dab9fff2-113b-4be9-9218-4901b49d1938.htm,,183685f7-718e-4739-b45a-b110608ac493,Cedar Valley,,,85.263,2
6d7e8a01-34fb-49c0-bfab-8b62c8f19930,2024 Utah Marching Band,bb54a14e-a327-4fad-b83a-f237abc3ebdc,Bridgerland Band Invitational,2022-10-01T00:00:00,"USU Maverik Stadium; Logan, UT",,dab9fff2-113b-4be9-9218-4901b49d1938,5A Open,dab9fff2-113b-4be9-9218-4901b49d1938,http://recaps.competitionsuite.com/dab9fff2-113b-4be9-9218-4901b49d1938.htm,,baf467c4-226a-4e92-a403-747466dde6f3,Alta,,UT,80.538,3
6d7e8a01-34fb-49c0-bfab-8b62c8f19930,2024 Utah Marching Band,bb54a14e-a327-4fad-b83a-f237abc3ebdc,Bridgerland Band Invitational,2022-10-01T00:00:00,"USU Maverik Stadium; Logan, UT",,dab9fff2-113b-4be9-9218-4901b49d1938,5A Open,dab9fff2-113b-4be9-9218-4901b49d1938,http://recaps.competitionsuite.com/dab9fff2-113b-4be9-9218-4901b49d1938.htm,,2f5d7e0d-d8dc-4e46-b4db-fd89291ec35a,Brighton,,,79.206,4
6d7e8a01-34fb-49c0-bfab-8b62c8f19930,2024 Utah Marching Band,bb54a14e-a327-4fad-b83a-f237abc3ebdc,Bridgerland Band Invitational,2022-10-01T00:00:00,"USU Maverik Stadium; Logan, UT",,dab9fff2-113b-4be9-9218-4901b49d1938,5A Open,dab9fff2-113b-4be9-9218-4901b49d1938,http://recaps.competitionsuite.com/dab9fff2-113b-4be9-9218-4901b49d1938.htm,,9c93d42a-289b-4876-8f8a-d9ca36461956,Mountain View,,,79.175,5
6d7e8a01-34fb-49c0-bfab-8b62c8f19930,2024 Utah Marching Band,bb54a14e-a327-4fad-b83a-f237abc3ebdc,Bridgerland Band Invitational,2022-10-01T00:00:00,"USU Maverik Stadium; Logan, UT",,dab9fff2-113b-4be9-9218-4901b49d1938,5A Open,dab9fff2-113b-4be9-9218-4901b49d1938,http://recaps.competitionsuite.com/dab9fff2-113b-4be9-9218-4901b49d1938.htm,,c9cc577e-6966-492d-98c0-bf5e85fdc7ad,Timberline,,ID,72.888,6
6d7e8a01-34fb-49c0-bfab-8b62c8f19930,2024 Utah Marching Band,bb54a14e-a327-4fad-b83a-f237abc3ebdc,Bridgerland Band Invitational,2022-10-01T00:00:00,"USU Maverik Stadium; Logan, UT",,dab9fff2-113b-4be9-9218-4901b49d1938,5A Open,dab9fff2-113b-4be9-9218-4901b49d1938,http://recaps.competitionsuite.com/dab9fff2-113b-4be9-9218-4901b49d1938.htm,,f777227e-0d92-49aa-a529-52eb48a80307,Tooele,,UT,70.056,7
6d7e8a01-34fb-49c0-bfab-8b62c8f19930,2024 Utah Marching Band,bb54a14e-a327-4fad-b83a-f237abc3ebdc,Bridgerland Band Invitational,2022-10-01T00:00:00,"USU Maverik Stadium; Logan, UT",,0fb09fab-a383-450f-98d9-13f09b7e354d,4A,0fb09fab-a383-450f-98d9-13f09b7e354d,http://recaps.competitionsuite.com/0fb09fab-a383-450f-98d9-13f09b7e354d.htm,,1986ba3e-70ca-467d-817b-a841ff3b2025,Nampa,,,74.731,1
6d7e8a01-34fb-49c0-bfab-8b62c8f19930,2024 Utah Marching Band,bb54a14e-a327-4fad-b83a-f237abc3ebdc,Bridgerland Band Invitational,2022-10-01T00:00:00,"USU Maverik Stadium; Logan, UT",,0fb09fab-a383-450f-98d9-13f09b7e354d,4A,0fb09fab-a383-450f-98d9-13f09b7e354d,http://recaps.competitionsuite.com/0fb09fab-a383-450f-98d9-13f09b7e354d.htm,,ed41dc41-22cf-43e5-b325-62ef9ae02fb0,Columbia,,,72.844,2
6d7e8a01-34fb-49c0-bfab-8b62c8f19930,2024 Utah Marching Band,bb54a14e-a327-4fad-b83a-f237abc3ebdc,Bridgerland Band Invitational,2022-10-01T00:00:00,"USU Maverik Stadium; Logan, UT",,0fb09fab-a383-450f-98d9-13f09b7e354d,4A,0fb09fab-a383-450f-98d9-13f09b7e354d,http://recaps.competitionsuite.com/0fb09fab-a383-450f-98d9-13f09b7e354d.htm,,4f1da81a-28c5-4c5b-a35c-6d633b72f143,Sky View,,UT,70.988,3
6d7e8a01-34fb-49c0-bfab-8b62c8f19930,2024 Utah Marching Band,bb54a14e-a327-4fad-b83a-f237abc3ebdc,Bridgerland Band Invitational,2022-10-01T00:00:00,"USU Maverik Stadium; Logan, UT",,0fb09fab-a383-450f-98d9-13f09b7e354d,4A,0fb09fab-a383-450f-98d9-13f09b7e354d,http://recaps.competitionsuite.com/0fb09fab-a383-450f-98d9-13f09b7e354d.htm,,257f1dec-ceb9-4c2a-93a4-71216a91558f,Highland,,ID,69.625,4
6d7e8a01-34fb-49c0-bfab-8b62c8f19930,2024 Utah Marching Band,bb54a14e-a327-4fad-b83a-f237abc3ebdc,Bridgerland Band Invitational,2022-10-01T00:00:00,"USU Maverik Stadium; Logan, UT",,0fb09fab-a383-450f-98d9-13f09b7e354d,4A,0fb09fab-a383-450f-98d9-13f09b7e354d,http://recaps.competitionsuite.com/0fb09fab-a383-450f-98d9-13f09b7e354d.htm,,742e2152-36ab-4873-b5a2-827974871c93,Mountain Crest,,UT,69.325,5
6d7e8a01-34fb-49c0-bfab-8b62c8f19930,2024 Utah Marching Band,bb54a14e-a327-4fad-b83a-f237abc3ebdc,Bridgerland Band Invitational,2022-10-01T00:00:00,"USU Maverik Stadium; Logan, UT",,0fb09fab-a383-450f-98d9-13f09b7e354d,4A,0fb09fab-a383-450f-98d9-13f09b7e354d,http://recaps.competitionsuite.com/0fb09fab-a383-450f-98d9-13f09b7e354d.htm,,2d4731a4-1c57-48b2-ae9e-15ae8c64ad09,Ogden,,UT,69.0,6
6d7e8a01-34fb-49c0-bfab-8b62c8f19930,2024 Utah Marching Band,bb54a14e-a327-4fad-b83a-f237abc3ebdc,Bridgerland Band Invitational,2022-10-01T00:00:00,"USU Maverik Stadium; Logan, UT",,0fb09fab-a383-450f-98d9-13f09b7e354d,4A,0fb09fab-a383-450f-98d9-13f09b7e354d,http://recaps.competitionsuite.com/0fb09fab-a383-450f-98d9-13f09b7e354d.htm,,dcf0d8f4-de1a-4eab-8524-bb314a2cb19a,Madison,,ID,68.556,7
6d7e8a01-34fb-49c0-bfab-8b62c8f19930,2024 Utah Marching Band,bb54a14e-a327-4fad-b83a-f237abc3ebdc,Bridgerland Band Invitational,2022-10-01T00:00:00,"USU Maverik Stadium; Logan, UT",,0fb09fab-a383-450f-98d9-13f09b7e354d,4A,0fb09fab-a383-450f-98d9-13f09b7e354d,http://recaps.competitionsuite.com/0fb09fab-a383-450f-98d9-13f09b7e354d.htm,,a47c6ce8-781f-427c-929d-54eb4f0a52a8,Ridgeline,,UT,66.663,8
6d7e8a01-34fb-49c0-bfab-8b62c8f19930,2024 Utah Marching Band,bb54a14e-a327-4fad-b83a-f237abc3ebdc,Bridgerland Band Invitational,2022-10-01T00:00:00,"USU Maverik Stadium; Logan, UT",,0fb09fab-a383-450f-98d9-13f09b7e354d,4A,0fb09fab-a383-450f-98d9-13f09b7e354d,http://recaps.competitionsuite.com/0fb09fab-a383-450f-98d9-13f09b7e354d.htm,,f0ad247e-3141-4df4-917c-e6f2686d9651,High Desert,,,65.556,9
6d7e8a01-34fb-49c0-bfab-8b62c8f19930,2024 Utah Marching Band,bb54a14e-a327-4fad-b83a-f237abc3ebdc,Bridgerland Band Invitational,2022-10-01T00:00:00,"USU Maverik Stadium; Logan, UT",,0fb09fab-a383-450f-98d9-13f09b7e354d,4A,0fb09fab-a383-450f-98d9-13f09b7e354d,http://recaps.competitionsuite.com/0fb09fab-a383-450f-98d9-13f09b7e354d.htm,,287d7ade-3528-4a79-902d-407468d8ee5b,Century,,ID,63.065,10
6d7e8a01-34fb-49c0-bfab-8b62c8f19930,2024 Utah Marching Band,bb54a14e-a327-4fad-b83a-f237abc3ebdc,Bridgerland Band Invitational,2022-10-01T00:00:00,"USU Maverik Stadium; Logan, UT",,60598852-78f5-4b45-a6ef-f151ef004e0e,6A Scholastic,60598852-78f5-4b45-a6ef-f151ef004e0e,http://recaps.competitionsuite.com/60598852-78f5-4b45-a6ef-f151ef004e0e.htm,,365fcc4e-5ea7-41de-9f4e-de497e8f01d7,Lone Peak,,UT,82.394,1
6d7e8a01-34fb-49c0-bfab-8b62c8f19930,2024 Utah Marching Band,bb54a14e-a327-4fad-b83a-f237abc3ebdc,Bridgerland Band Invitational,2022-10-01T00:00:00,"USU Maverik Stadium; Logan, UT",,60598852-78f5-4b45-a6ef-f151ef004e0e,6A Scholastic,60598852-78f5-4b45-a6ef-f151ef004e0e,http://recaps.competitionsuite.com/60598852-78f5-4b45-a6ef-f151ef004e0e.htm,,7f0949bd-f37a-400a-a090-8310d722528d,Riverton,,UT,80.65,2
6d7e8a01-34fb-49c0-bfab-8b62c8f19930,2024 Utah Marching Band,bb54a14e-a327-4fad-b83a-f237abc3ebdc,Bridgerland Band Invitational,2022-10-01T00:00:00,"USU Maverik Stadium; Logan, UT",,60598852-78f5-4b45-a6ef-f151ef004e0e,6A Scholastic,60598852-78f5-4b45-a6ef-f151ef004e0e,http://recaps.competitionsuite.com/60598852-78f5-4b45-a6ef-f151ef004e0e.htm,,2ab1d680-1e59-4755-b260-af5292e2bcc2,West Jordan,,UT,78.088,3
6d7e8a01-34fb-49c0-bfab-8b62c8f19930,2024 Utah Marching Band,bb54a14e-a327-4fad-b83a-f237abc3ebdc,Bridgerland Band Invitational,2022-10-01T00:00:00,"USU Maverik Stadium; Logan, UT",,60598852-78f5-4b45-a6ef-f151ef004e0e,6A Scholastic,60598852-78f5-4b45-a6ef-f151ef004e0e,http://recaps.competitionsuite.com/60598852-78f5-4b45-a6ef-f151ef004e0e.htm,,f0f81b7b-32de-4585-9244-170a0a7ee67e,Pleasant Grove,,UT,72.113,4
6d7e8a01-34fb-49c0-bfab-8b62c8f19930,2024 Utah Marching Band,bb54a14e-a327-4fad-b83a-f237abc3ebdc,Bridgerland Band Invitational,2022-10-01T00:00:00,"USU Maverik Stadium; Logan, UT",,60598852-78f5-4b45-a6ef-f151ef004e0e,6A Scholastic,60598852-78f5-4b45-a6ef-f151ef004e0e,http://recaps.competitionsuite.com/60598852-78f5-4b45-a6ef-f151ef004e0e.htm,,1fa6a23d-76a2-4ea0-91fe-ef9d8f3aa5fb,Copper Hills,,UT,70.313,5
6d7e8a01-34fb-49c0-bfab-8b62c8f19930,2024 Utah Marching Band,bb54a14e-a327-4fad-b83a-f237abc3ebdc,Bridgerland Band Invitational,2022-10-01T00:00:00,"USU Maverik Stadium; Logan, UT",,60598852-78f5-4b45-a6ef-f151ef004e0e,6A Scholastic,60598852-78f5-4b45-a6ef-f151ef004e0e,http://recaps.competitionsuite.com/60598852-78f5-4b45-a6ef-f151ef004e0e.htm,,450a9776-3e90-47bb-bb1d-16f96c15213b,Fremont,,UT,70.238,6
6d7e8a01-34fb-49c0-bfab-8b62c8f19930,2024 Utah Marching Band,bb54a14e-a327-4fad-b83a-f237abc3ebdc,Bridgerland Band Invitational,2022-10-01T00:00:00,"USU Maverik Stadium; Logan, UT",,17e2ffab-a8d2-4f4f-a561-48c9046c34d8,6A Open,17e2ffab-a8d2-4f4f-a561-48c9046c34d8,http://recaps.competitionsuite.com/17e2ffab-a8d2-4f4f-a561-48c9046c34d8.htm,,68da782d-6346-411a-985c-febda427a6bb,American Fork,,UT,92.063,1
6d7e8a01-34fb-49c0-bfab-8b62c8f19930,2024 Utah Marching Band,bb54a14e-a327-4fad-b83a-f237abc3ebdc,Bridgerland Band Invitational,2022-10-01T00:00:00,"USU Maverik Stadium; Logan, UT",,17e2ffab-a8d2-4f4f-a561-48c9046c34d8,6A Open,17e2ffab-a8d2-4f4f-a561-48c9046c34d8,http://recaps.competitionsuite.com/17e2ffab-a8d2-4f4f-a561-48c9046c34d8.htm,,f014b5c0-cf59-4ed9-9d66-f358e199e886,Westlake,,UT,87.7,2
6d7e8a01-34fb-49c0-bfab-8b62c8f19930,2024 Utah Marching Band,bb54a14e-a327-4fad-b83a-f237abc3ebdc,Bridgerland Band Invitational,2022-10-01T00:00:00,"USU Maverik Stadium; Logan, UT",,17e2ffab-a8d2-4f4f-a561-48c9046c34d8,6A Open,17e2ffab-a8d2-4f4f-a561-48c9046c34d8,http://recaps.competitionsuite.com/17e2ffab-a8d2-4f4f-a561-48c9046c34d8.htm,,9d3da4f5-80ec-4191-b934-4b4c629c62f3,Davis,,UT,86.27,3
6d7e8a01-34fb-49c0-bfab-8b62c8f19930,2024 Utah Marching Band,bb54a14e-a327-4fad-b83a-f237abc3ebdc,Bridgerland Band Invitational,2022-10-01T00:00:00,"USU Maverik Stadium; Logan, UT",,17e2ffab-a8d2-4f4f-a561-48c9046c34d8,6A Open,17e2ffab-a8d2-4f4f-a561-48c9046c34d8,http://recaps.competitionsuite.com/17e2ffab-a8d2-4f4f-a561-48c9046c34d8.htm,,ee30995f-369b-40b0-9169-0d5cd7f346bc,Farmington,,,85.15,4
6d7e8a01-34fb-49c0-bfab-8b62c8f19930,2024 Utah Marching Band,bb54a14e-a327-4fad-b83a-f237abc3ebdc,Bridgerland Band Invitational,2022-10-01T00:00:00,"USU Maverik Stadium; Logan, UT",,17e2ffab-a8d2-4f4f-a561-48c9046c34d8,6A Open,17e2ffab-a8d2-4f4f-a561-48c9046c34d8,http://recaps.competitionsuite.com/17e2ffab-a8d2-4f4f-a561-48c9046c34d8.htm,,1612b470-4e49-4039-b569-9bad506e029a,Herriman,,UT,84.975,5
6d7e8a01-34fb-49c0-bfab-8b62c8f19930,2024 Utah Marching Band,bb54a14e-a327-4fad-b83a-f237abc3ebdc,Bridgerland Band Invitational,2022-10-01T00:00:00,"USU Maverik Stadium; Logan, UT",,17e2ffab-a8d2-4f4f-a561-48c9046c34d8,6A Open,17e2ffab-a8d2-4f4f-a561-48c9046c34d8,http://recaps.competitionsuite.com/17e2ffab-a8d2-4f4f-a561-48c9046c34d8.htm,,820822c9-a993-480b-a212-7d4f33b3ddb9,Bingham,,UT,83.438,6
6d7e8a01-34fb-49c0-bfab-8b62c8f19930,2024 Utah Marching Band,a2d549d3-3b90-45dd-ac92-dbcd8623e097,Oquirrh Mountain Band Invitational,2022-09-24T00:00:00,Herriman High School,,d68736f3-c280-4209-bbaf-feca8a917de5,5A Scholastic,d68736f3-c280-4209-bbaf-feca8a917de5,http://recaps.competitionsuite.com/d68736f3-c280-4209-bbaf-feca8a917de5.htm,,876765ce-e37f-4a3f-846e-df90f8aa4317,Provo,,UT,73.588,1
6d7e8a01-34fb-49c0-bfab-8b62c8f19930,2024 Utah Marching Band,a2d549d3-3b90-45dd-ac92-dbcd8623e097,Oquirrh Mountain Band Invitational,2022-09-24T00:00:00,Herriman High School,,d68736f3-c280-4209-bbaf-feca8a917de5,5A Scholastic,d68736f3-c280-4209-bbaf-feca8a917de5,http://recaps.competitionsuite.com/d68736f3-c280-4209-bbaf-feca8a917de5.htm,,edd499ce-b733-4076-81fa-c03348d622ef,Timpview,,UT,69.538,2
6d7e8a01-34fb-49c0-bfab-8b62c8f19930,2024 Utah Marching Band,a2d549d3-3b90-45dd-ac92-dbcd8623e097,Oquirrh Mountain Band Invitational,2022-09-24T00:00:00,Herriman High School,,d68736f3-c280-4209-bbaf-feca8a917de5,5A Scholastic,d68736f3-c280-4209-bbaf-feca8a917de5,http://recaps.competitionsuite.com/d68736f3-c280-4209-bbaf-feca8a917de5.htm,,50a57e1b-062f-42dd-bf60-275968189024,Orem,,UT,68.263,3
6d7e8a01-34fb-49c0-bfab-8b62c8f19930,2024 Utah Marching Band,a2d549d3-3b90-45dd-ac92-dbcd8623e097,Oquirrh Mountain Band Invitational,2022-09-24T00:00:00,Herriman High School,,d68736f3-c280-4209-bbaf-feca8a917de5,5A Scholastic,d68736f3-c280-4209-bbaf-feca8a917de5,http://recaps.competitionsuite.com/d68736f3-c280-4209-bbaf-feca8a917de5.htm,,8e6b4fbc-7b4a-497d-9b5e-c81fc18f59a2,Uintah,,UT,64.425,4
6d7e8a01-34fb-49c0-bfab-8b62c8f19930,2024 Utah Marching Band,a2d549d3-3b90-45dd-ac92-dbcd8623e097,Oquirrh Mountain Band Invitational,2022-09-24T00:00:00,Herriman High School,,d68736f3-c280-4209-bbaf-feca8a917de5,5A Scholastic,d68736f3-c280-4209-bbaf-feca8a917de5,http://recaps.competitionsuite.com/d68736f3-c280-4209-bbaf-feca8a917de5.htm,,8e71c067-4193-4f18-838a-e9c023f7e7be,Salem Hills,,UT,63.713,5
6d7e8a01-34fb-49c0-bfab-8b62c8f19930,2024 Utah Marching Band,a2d549d3-3b90-45dd-ac92-dbcd8623e097,Oquirrh Mountain Band Invitational,2022-09-24T00:00:00,Herriman High School,,d68736f3-c280-4209-bbaf-feca8a917de5,5A Scholastic,d68736f3-c280-4209-bbaf-feca8a917de5,http://recaps.competitionsuite.com/d68736f3-c280-4209-bbaf-feca8a917de5.htm,,1acba636-f3ac-4c83-9d36-3fad6f49898e,Springville,,UT,61.025,6
6d7e8a01-34fb-49c0-bfab-8b62c8f19930,2024 Utah Marching Band,a2d549d3-3b90-45dd-ac92-dbcd8623e097,Oquirrh Mountain Band Invitational,2022-09-24T00:00:00,Herriman High School,,d68736f3-c280-4209-bbaf-feca8a917de5,5A Scholastic,d68736f3-c280-4209-bbaf-feca8a917de5,http://recaps.competitionsuite.com/d68736f3-c280-4209-bbaf-feca8a917de5.htm,,7b86ec9c-69a2-4ada-b934-82d4ac9ff206,Payson,,UT,57.025,7
6d7e8a01-34fb-49c0-bfab-8b62c8f19930,2024 Utah Marching Band,a2d549d3-3b90-45dd-ac92-dbcd8623e097,Oquirrh Mountain Band Invitational,2022-09-24T00:00:00,Herriman High School,,d68736f3-c280-4209-bbaf-feca8a917de5,5A Scholastic,d68736f3-c280-4209-bbaf-feca8a917de5,http://recaps.competitionsuite.com/d68736f3-c280-4209-bbaf-feca8a917de5.htm,,c54c8080-269d-40c4-a5ee-a4fe1766d097,Hillcrest,,,56.238,8
6d7e8a01-34fb-49c0-bfab-8b62c8f19930,2024 Utah Marching Band,a2d549d3-3b90-45dd-ac92-dbcd8623e097,Oquirrh Mountain Band Invitational,2022-09-24T00:00:00,Herriman High School,,60c8f836-f370-4972-92e8-3935ebe0a838,5A Open,60c8f836-f370-4972-92e8-3935ebe0a838,http://recaps.competitionsuite.com/60c8f836-f370-4972-92e8-3935ebe0a838.htm,,236e02b5-dbb5-4a6d-bcfd-66fe0264ebe8,Green Canyon,,,81.263,1
6d7e8a01-34fb-49c0-bfab-8b62c8f19930,2024 Utah Marching Band,a2d549d3-3b90-45dd-ac92-dbcd8623e097,Oquirrh Mountain Band Invitational,2022-09-24T00:00:00,Herriman High School,,60c8f836-f370-4972-92e8-3935ebe0a838,5A Open,60c8f836-f370-4972-92e8-3935ebe0a838,http://recaps.competitionsuite.com/60c8f836-f370-4972-92e8-3935ebe0a838.htm,,f985a9b9-243a-4f82-9ab7-2c910b9ad8ed,Lehi,,UT,79.65,2
6d7e8a01-34fb-49c0-bfab-8b62c8f19930,2024 Utah Marching Band,a2d549d3-3b90-45dd-ac92-dbcd8623e097,Oquirrh Mountain Band Invitational,2022-09-24T00:00:00,Herriman High School,,60c8f836-f370-4972-92e8-3935ebe0a838,5A Open,60c8f836-f370-4972-92e8-3935ebe0a838,http://recaps.competitionsuite.com/60c8f836-f370-4972-92e8-3935ebe0a838.htm,,9dfd4718-9183-4b1f-94d7-cb659087d8e2,Cedar Valley,,,78.475,3
6d7e8a01-34fb-49c0-bfab-8b62c8f19930,2024 Utah Marching Band,a2d549d3-3b90-45dd-ac92-dbcd8623e097,Oquirrh Mountain Band Invitational,2022-09-24T00:00:00,Herriman High School,,60c8f836-f370-4972-92e8-3935ebe0a838,5A Open,60c8f836-f370-4972-92e8-3935ebe0a838,http://recaps.competitionsuite.com/60c8f836-f370-4972-92e8-3935ebe0a838.htm,,60091af9-33a4-4800-97c2-e09f673be3b0,Brighton,,,72.775,4
6d7e8a01-34fb-49c0-bfab-8b62c8f19930,2024 Utah Marching Band,a2d549d3-3b90-45dd-ac92-dbcd8623e097,Oquirrh Mountain Band Invitational,2022-09-24T00:00:00,Herriman High School,,60c8f836-f370-4972-92e8-3935ebe0a838,5A Open,60c8f836-f370-4972-92e8-3935ebe0a838,http://recaps.competitionsuite.com/60c8f836-f370-4972-92e8-3935ebe0a838.htm,,8344bd98-4a53-423a-8114-86bb939f1a50,Alta,,UT,71.788,5
6d7e8a01-34fb-49c0-bfab-8b62c8f19930,2024 Utah Marching Band,a2d549d3-3b90-45dd-ac92-dbcd8623e097,Oquirrh Mountain Band Invitational,2022-09-24T00:00:00,Herriman High School,,60c8f836-f370-4972-92e8-3935ebe0a838,5A Open,60c8f836-f370-4972-92e8-3935ebe0a838,http://recaps.competitionsuite.com/60c8f836-f370-4972-92e8-3935ebe0a838.htm,,e98dae61-0b4e-481a-84c0-38f104dad8b7,Tooele,,UT,65.7,6
6d7e8a01-34fb-49c0-bfab-8b62c8f19930,2024 Utah Marching Band,a2d549d3-3b90-45dd-ac92-dbcd8623e097,Oquirrh Mountain Band Invitational,2022-09-24T00:00:00,Herriman High School,,afc472e0-d3d5-4782-887e-3d7c45f8102a,3A,afc472e0-d3d5-4782-887e-3d7c45f8102a,http://recaps.competitionsuite.com/afc472e0-d3d5-4782-887e-3d7c45f8102a.htm,,13bfec2d-c561-4885-94c2-218cfb31f3d0,Carbon,,UT,56.8,1
6d7e8a01-34fb-49c0-bfab-8b62c8f19930,2024 Utah Marching Band,a2d549d3-3b90-45dd-ac92-dbcd8623e097,Oquirrh Mountain Band Invitational,2022-09-24T00:00:00,Herriman High School,,afc472e0-d3d5-4782-887e-3d7c45f8102a,3A,afc472e0-d3d5-4782-887e-3d7c45f8102a,http://recaps.competitionsuite.com/afc472e0-d3d5-4782-887e-3d7c45f8102a.htm,,72e4b291-b6bd-47db-921f-636e4f059b09,North Sanpete,,UT,55.625,2
6d7e8a01-34fb-49c0-bfab-8b62c8f19930,2024 Utah Marching Band,a2d549d3-3b90-45dd-ac92-dbcd8623e097,Oquirrh Mountain Band Invitational,2022-09-24T00:00:00,Herriman High School,,0facd470-b5c8-4685-8af7-59d95e1676cf,4A,0facd470-b5c8-4685-8af7-59d95e1676cf,http://recaps.competitionsuite.com/0facd470-b5c8-4685-8af7-59d95e1676cf.htm,,37f285cb-7f48-4bad-94bd-c1ea7c73ac53,Sky View,,UT,68.8,1
6d7e8a01-34fb-49c0-bfab-8b62c8f19930,2024 Utah Marching Band,a2d549d3-3b90-45dd-ac92-dbcd8623e097,Oquirrh Mountain Band Invitational,2022-09-24T00:00:00,Herriman High School,,0facd470-b5c8-4685-8af7-59d95e1676cf,4A,0facd470-b5c8-4685-8af7-59d95e1676cf,http://recaps.competitionsuite.com/0facd470-b5c8-4685-8af7-59d95e1676cf.htm,,c7d6d693-074a-40fb-b6e1-4a067fe082b6,Mountain Crest,,UT,67.138,2
6d7e8a01-34fb-49c0-bfab-8b62c8f19930,2024 Utah Marching Band,a2d549d3-3b90-45dd-ac92-dbcd8623e097,Oquirrh Mountain Band Invitational,2022-09-24T00:00:00,Herriman High School,,0facd470-b5c8-4685-8af7-59d95e1676cf,4A,0facd470-b5c8-4685-8af7-59d95e1676cf,http://recaps.competitionsuite.com/0facd470-b5c8-4685-8af7-59d95e1676cf.htm,,9109f961-dffd-48ff-bea5-d1f2187e0861,Ridgeline,,UT,64.738,3
6d7e8a01-34fb-49c0-bfab-8b62c8f19930,2024 Utah Marching Band,a2d549d3-3b90-45dd-ac92-dbcd8623e097,Oquirrh Mountain Band Invitational,2022-09-24T00:00:00,Herriman High School,,9a8f6746-0fcf-4329-a449-03f3d3290a9a,6A Scholastic,9a8f6746-0fcf-4329-a449-03f3d3290a9a,http://recaps.competitionsuite.com/9a8f6746-0fcf-4329-a449-03f3d3290a9a.htm,,06279876-3a9b-457a-8289-5d7071c008eb,Mountain Ridge,,,77.075,1
6d7e8a01-34fb-49c0-bfab-8b62c8f19930,2024 Utah Marching Band,a2d549d3-3b90-45dd-ac92-dbcd8623e097,Oquirrh Mountain Band Invitational,2022-09-24T00:00:00,Herriman High School,,9a8f6746-0fcf-4329-a449-03f3d3290a9a,6A Scholastic,9a8f6746-0fcf-4329-a449-03f3d3290a9a,http://recaps.competitionsuite.com/9a8f6746-0fcf-4329-a449-03f3d3290a9a.htm,,ca524223-8641-401d-807d-0b035d15a4ba,Lone Peak,,UT,75.988,2
6d7e8a01-34fb-49c0-bfab-8b62c8f19930,2024 Utah Marching Band,a2d549d3-3b90-45dd-ac92-dbcd8623e097,Oquirrh Mountain Band Invitational,2022-09-24T00:00:00,Herriman High School,,9a8f6746-0fcf-4329-a449-03f3d3290a9a,6A Scholastic,9a8f6746-0fcf-4329-a449-03f3d3290a9a,http://recaps.competitionsuite.com/9a8f6746-0fcf-4329-a449-03f3d3290a9a.htm,,d7a6e0b2-d1dc-489d-a170-268dc8561f24,Riverton,,UT,75.163,3
6d7e8a01-34fb-49c0-bfab-8b62c8f19930,2024 Utah Marching Band,a2d549d3-3b90-45dd-ac92-dbcd8623e097,Oquirrh Mountain Band Invitational,2022-09-24T00:00:00,Herriman High School,,9a8f6746-0fcf-4329-a449-03f3d3290a9a,6A Scholastic,9a8f6746-0fcf-4329-a449-03f3d3290a9a,http://recaps.competitionsuite.com/9a8f6746-0fcf-4329-a449-03f3d3290a9a.htm,,c310f2ee-a8b8-4d02-be10-ddebe8d8caf7,West Jordan,,UT,72.125,4
6d7e8a01-34fb-49c0-bfab-8b62c8f19930,2024 Utah Marching Band,a2d549d3-3b90-45dd-ac92-dbcd8623e097,Oquirrh Mountain Band Invitational,2022-09-24T00:00:00,Herriman High School,,9a8f6746-0fcf-4329-a449-03f3d3290a9a,6A Scholastic,9a8f6746-0fcf-4329-a449-03f3d3290a9a,http://recaps.competitionsuite.com/9a8f6746-0fcf-4329-a449-03f3d3290a9a.htm,,0f022795-8b58-4006-9c0c-a5473e0832d1,Fremont,,UT,65.363,5
6d7e8a01-34fb-49c0-bfab-8b62c8f19930,2024 Utah Marching Band,a2d549d3-3b90-45dd-ac92-dbcd8623e097,Oquirrh Mountain Band Invitational,2022-09-24T00:00:00,Herriman High School,,9a8f6746-0fcf-4329-a449-03f3d3290a9a,6A Scholastic,9a8f6746-0fcf-4329-a449-03f3d3290a9a,http://recaps.competitionsuite.com/9a8f6746-0fcf-4329-a449-03f3d3290a9a.htm,,4e958d6a-68e4-4f8d-8b3a-d47d3de05219,Pleasant Grove,,UT,63.0,6
6d7e8a01-34fb-49c0-bfab-8b62c8f19930,2024 Utah Marching Band,a2d549d3-3b90-45dd-ac92-dbcd8623e097,Oquirrh Mountain Band Invitational,2022-09-24T00:00:00,Herriman High School,,9a8f6746-0fcf-4329-a449-03f3d3290a9a,6A Scholastic,9a8f6746-0fcf-4329-a449-03f3d3290a9a,http://recaps.competitionsuite.com/9a8f6746-0fcf-4329-a449-03f3d3290a9a.htm,,025cfcfe-c57d-4cdf-9f0d-864187943ace,Copper Hills,,UT,62.113,7
6d7e8a01-34fb-49c0-bfab-8b62c8f19930,2024 Utah Marching Band,a2d549d3-3b90-45dd-ac92-dbcd8623e097,Oquirrh Mountain Band Invitational,2022-09-24T00:00:00,Herriman High School,,9a8f6746-0fcf-4329-a449-03f3d3290a9a,6A Scholastic,9a8f6746-0fcf-4329-a449-03f3d3290a9a,http://recaps.competitionsuite.com/9a8f6746-0fcf-4329-a449-03f3d3290a9a.htm,,888d7676-cc57-41c4-bfa0-63f552bb3ae5,Roy,,UT,56.438,8
6d7e8a01-34fb-49c0-bfab-8b62c8f19930,2024 Utah Marching Band,a2d549d3-3b90-45dd-ac92-dbcd8623e097,Oquirrh Mountain Band Invitational,2022-09-24T00:00:00,Herriman High School,,9a8f6746-0fcf-4329-a449-03f3d3290a9a,6A Scholastic,9a8f6746-0fcf-4329-a449-03f3d3290a9a,http://recaps.competitionsuite.com/9a8f6746-0fcf-4329-a449-03f3d3290a9a.htm,,3f3c449f-b667-4de4-9343-88195b515691,Kearns,,UT,54.113,9
6d7e8a01-34fb-49c0-bfab-8b62c8f19930,2024 Utah Marching Band,a2d549d3-3b90-45dd-ac92-dbcd8623e097,Oquirrh Mountain Band Invitational,2022-09-24T00:00:00,Herriman High School,,f1f25969-47d6-47be-9be5-0af6a6361147,6A Open,f1f25969-47d6-47be-9be5-0af6a6361147,http://recaps.competitionsuite.com/f1f25969-47d6-47be-9be5-0af6a6361147.htm,,428f4edb-2dbb-4d91-9163-399cb0bfd74a,American Fork,,UT,88.088,1
6d7e8a01-34fb-49c0-bfab-8b62c8f19930,2024 Utah Marching Band,a2d549d3-3b90-45dd-ac92-dbcd8623e097,Oquirrh Mountain Band Invitational,2022-09-24T00:00:00,Herriman High School,,f1f25969-47d6-47be-9be5-0af6a6361147,6A Open,f1f25969-47d6-47be-9be5-0af6a6361147,http://recaps.competitionsuite.com/f1f25969-47d6-47be-9be5-0af6a6361147.htm,,8e7948ff-1ab5-40c7-b9e4-0ca7361f0645,Skyridge,,UT,84.863,2
6d7e8a01-34fb-49c0-bfab-8b62c8f19930,2024 Utah Marching Band,a2d549d3-3b90-45dd-ac92-dbcd8623e097,Oquirrh Mountain Band Invitational,2022-09-24T00:00:00,Herriman High School,,f1f25969-47d6-47be-9be5-0af6a6361147,6A Open,f1f25969-47d6-47be-9be5-0af6a6361147,http://recaps.competitionsuite.com/f1f25969-47d6-47be-9be5-0af6a6361147.htm,,827099f2-d42e-4ca1-ae35-94503e4fb79e,Westlake,,UT,82.538,3
6d7e8a01-34fb-49c0-bfab-8b62c8f19930,2024 Utah Marching Band,a2d549d3-3b90-45dd-ac92-dbcd8623e097,Oquirrh Mountain Band Invitational,2022-09-24T00:00:00,Herriman High School,,f1f25969-47d6-47be-9be5-0af6a6361147,6A Open,f1f25969-47d6-47be-9be5-0af6a6361147,http://recaps.competitionsuite.com/f1f25969-47d6-47be-9be5-0af6a6361147.htm,,229090b4-787d-4dcc-8d0f-cb67c59c02ae,Herriman,,UT,79.988,4
6d7e8a01-34fb-49c0-bfab-8b62c8f19930,2024 Utah Marching Band,a2d549d3-3b90-45dd-ac92-dbcd8623e097,Oquirrh Mountain Band Invitational,2022-09-24T00:00:00,Herriman High School,,f1f25969-47d6-47be-9be5-0af6a6361147,6A Open,f1f25969-47d6-47be-9be5-0af6a6361147,http://recaps.competitionsuite.com/f1f25969-47d6-47be-9be5-0af6a6361147.htm,,a4040280-5646-4c0d-a3a3-48fecd2e0dd1,Bingham,,UT,78.563,5
6d7e8a01-34fb-49c0-bfab-8b62c8f19930,2024 Utah Marching Band,3b149010-9c3e-4ec0-b31b-6a12ac51a839,Nebo Tournament of Bands,2022-09-17T00:00:00,Payson High School,,6c47be9c-a8ac-41f6-90c7-bed615b3bd1e,5A Scholastic,6c47be9c-a8ac-41f6-90c7-bed615b3bd1e,http://recaps.competitionsuite.com/6c47be9c-a8ac-41f6-90c7-bed615b3bd1e.htm,,ca4d0582-764c-4776-8bd2-6566990a993a,Provo,,UT,73.188,1
6d7e8a01-34fb-49c0-bfab-8b62c8f19930,2024 Utah Marching Band,3b149010-9c3e-4ec0-b31b-6a12ac51a839,Nebo Tournament of Bands,2022-09-17T00:00:00,Payson High School,,6c47be9c-a8ac-41f6-90c7-bed615b3bd1e,5A Scholastic,6c47be9c-a8ac-41f6-90c7-bed615b3bd1e,http://recaps.competitionsuite.com/6c47be9c-a8ac-41f6-90c7-bed615b3bd1e.htm,,cfad0046-a8ae-4f55-9cad-76e3b325ee3f,Timpview,,UT,69.463,2
6d7e8a01-34fb-49c0-bfab-8b62c8f19930,2024 Utah Marching Band,3b149010-9c3e-4ec0-b31b-6a12ac51a839,Nebo Tournament of Bands,2022-09-17T00:00:00,Payson High School,,6c47be9c-a8ac-41f6-90c7-bed615b3bd1e,5A Scholastic,6c47be9c-a8ac-41f6-90c7-bed615b3bd1e,http://recaps.competitionsuite.com/6c47be9c-a8ac-41f6-90c7-bed615b3bd1e.htm,,806612b1-c4cd-41ca-ae6f-d70699ccdb3b,Orem,,UT,65.825,3
6d7e8a01-34fb-49c0-bfab-8b62c8f19930,2024 Utah Marching Band,3b149010-9c3e-4ec0-b31b-6a12ac51a839,Nebo Tournament of Bands,2022-09-17T00:00:00,Payson High School,,6c47be9c-a8ac-41f6-90c7-bed615b3bd1e,5A Scholastic,6c47be9c-a8ac-41f6-90c7-bed615b3bd1e,http://recaps.competitionsuite.com/6c47be9c-a8ac-41f6-90c7-bed615b3bd1e.htm,,0ecc1862-5da2-43a3-bc4e-530dc874c221,Spanish Fork,,UT,62.825,4
6d7e8a01-34fb-49c0-bfab-8b62c8f19930,2024 Utah Marching Band,3b149010-9c3e-4ec0-b31b-6a12ac51a839,Nebo Tournament of Bands,2022-09-17T00:00:00,Payson High School,,6c47be9c-a8ac-41f6-90c7-bed615b3bd1e,5A Scholastic,6c47be9c-a8ac-41f6-90c7-bed615b3bd1e,http://recaps.competitionsuite.com/6c47be9c-a8ac-41f6-90c7-bed615b3bd1e.htm,,6b188cf9-873b-4d91-acb8-bb98a04cc393,Salem Hills,,UT,62.625,5
6d7e8a01-34fb-49c0-bfab-8b62c8f19930,2024 Utah Marching Band,3b149010-9c3e-4ec0-b31b-6a12ac51a839,Nebo Tournament of Bands,2022-09-17T00:00:00,Payson High School,,6c47be9c-a8ac-41f6-90c7-bed615b3bd1e,5A Scholastic,6c47be9c-a8ac-41f6-90c7-bed615b3bd1e,http://recaps.competitionsuite.com/6c47be9c-a8ac-41f6-90c7-bed615b3bd1e.htm,,e8605f09-b84d-4eb3-8610-8280e42865bb,Northridge,,UT,62.444,6
6d7e8a01-34fb-49c0-bfab-8b62c8f19930,2024 Utah Marching Band,3b149010-9c3e-4ec0-b31b-6a12ac51a839,Nebo Tournament of Bands,2022-09-17T00:00:00,Payson High School,,6c47be9c-a8ac-41f6-90c7-bed615b3bd1e,5A Scholastic,6c47be9c-a8ac-41f6-90c7-bed615b3bd1e,http://recaps.competitionsuite.com/6c47be9c-a8ac-41f6-90c7-bed615b3bd1e.htm,,02f8b70e-a528-475c-983c-291c58070a27,Springville,,UT,59.788,7
6d7e8a01-34fb-49c0-bfab-8b62c8f19930,2024 Utah Marching Band,3b149010-9c3e-4ec0-b31b-6a12ac51a839,Nebo Tournament of Bands,2022-09-17T00:00:00,Payson High School,,6c47be9c-a8ac-41f6-90c7-bed615b3bd1e,5A Scholastic,6c47be9c-a8ac-41f6-90c7-bed615b3bd1e,http://recaps.competitionsuite.com/6c47be9c-a8ac-41f6-90c7-bed615b3bd1e.htm,,e8242b43-27ef-4336-bc51-e58e4dd06b3e,Payson,,UT,59.675,8
6d7e8a01-34fb-49c0-bfab-8b62c8f19930,2024 Utah Marching Band,3b149010-9c3e-4ec0-b31b-6a12ac51a839,Nebo Tournament of Bands,2022-09-17T00:00:00,Payson High School,,6c47be9c-a8ac-41f6-90c7-bed615b3bd1e,5A Scholastic,6c47be9c-a8ac-41f6-90c7-bed615b3bd1e,http://recaps.competitionsuite.com/6c47be9c-a8ac-41f6-90c7-bed615b3bd1e.htm,,e5a86352-e4dc-4aca-ae3e-ed1424b62313,Wasatch,Heber,UT,57.788,9
6d7e8a01-34fb-49c0-bfab-8b62c8f19930,2024 Utah Marching Band,3b149010-9c3e-4ec0-b31b-6a12ac51a839,Nebo Tournament of Bands,2022-09-17T00:00:00,Payson High School,,f13ca6c1-5873-4b6c-823f-83c3087a9a07,5A Open,f13ca6c1-5873-4b6c-823f-83c3087a9a07,http://recaps.competitionsuite.com/f13ca6c1-5873-4b6c-823f-83c3087a9a07.htm,,63ea8b18-8ef6-4c52-aa00-c2d6a13e986c,Green Canyon,,,83.638,1
6d7e8a01-34fb-49c0-bfab-8b62c8f19930,2024 Utah Marching Band,3b149010-9c3e-4ec0-b31b-6a12ac51a839,Nebo Tournament of Bands,2022-09-17T00:00:00,Payson High School,,f13ca6c1-5873-4b6c-823f-83c3087a9a07,5A Open,f13ca6c1-5873-4b6c-823f-83c3087a9a07,http://recaps.competitionsuite.com/f13ca6c1-5873-4b6c-823f-83c3087a9a07.htm,,a2cd588a-efda-4502-ba16-9981fe806464,Maple Mountain,,UT,74.75,2
6d7e8a01-34fb-49c0-bfab-8b62c8f19930,2024 Utah Marching Band,3b149010-9c3e-4ec0-b31b-6a12ac51a839,Nebo Tournament of Bands,2022-09-17T00:00:00,Payson High School,,f13ca6c1-5873-4b6c-823f-83c3087a9a07,5A Open,f13ca6c1-5873-4b6c-823f-83c3087a9a07,http://recaps.competitionsuite.com/f13ca6c1-5873-4b6c-823f-83c3087a9a07.htm,,f82dccf3-9cdb-4c3e-b43e-21d83f3e7a2a,Ridgeline,,UT,69.738,3
6d7e8a01-34fb-49c0-bfab-8b62c8f19930,2024 Utah Marching Band,3b149010-9c3e-4ec0-b31b-6a12ac51a839,Nebo Tournament of Bands,2022-09-17T00:00:00,Payson High School,,f13ca6c1-5873-4b6c-823f-83c3087a9a07,5A Open,f13ca6c1-5873-4b6c-823f-83c3087a9a07,http://recaps.competitionsuite.com/f13ca6c1-5873-4b6c-823f-83c3087a9a07.htm,,3406ba54-0c9f-4d86-9385-0418f08a9122,Viewmont,,UT,69.275,4
6d7e8a01-34fb-49c0-bfab-8b62c8f19930,2024 Utah Marching Band,3b149010-9c3e-4ec0-b31b-6a12ac51a839,Nebo Tournament of Bands,2022-09-17T00:00:00,Payson High School,,5bb5ce23-dc75-45c4-9b87-1e491e245f52,3A,5bb5ce23-dc75-45c4-9b87-1e491e245f52,http://recaps.competitionsuite.com/5bb5ce23-dc75-45c4-9b87-1e491e245f52.htm,,f9f97934-6af9-4e0a-9243-a0a4535614be,Canyon View,,UT,56.413,1
6d7e8a01-34fb-49c0-bfab-8b62c8f19930,2024 Utah Marching Band,3b149010-9c3e-4ec0-b31b-6a12ac51a839,Nebo Tournament of Bands,2022-09-17T00:00:00,Payson High School,,5bb5ce23-dc75-45c4-9b87-1e491e245f52,3A,5bb5ce23-dc75-45c4-9b87-1e491e245f52,http://recaps.competitionsuite.com/5bb5ce23-dc75-45c4-9b87-1e491e245f52.htm,,3f854fea-1edf-472c-93c1-45ce165ab229,Carbon,,UT,55.525,2
6d7e8a01-34fb-49c0-bfab-8b62c8f19930,2024 Utah Marching Band,3b149010-9c3e-4ec0-b31b-6a12ac51a839,Nebo Tournament of Bands,2022-09-17T00:00:00,Payson High School,,e29c3921-27fb-48d1-9d68-07bf5f1be7ce,6A Scholastic,e29c3921-27fb-48d1-9d68-07bf5f1be7ce,http://recaps.competitionsuite.com/e29c3921-27fb-48d1-9d68-07bf5f1be7ce.htm,,4228adb0-07a0-4aa9-9e99-8265918e7ecc,Riverton,,UT,68.413,1
6d7e8a01-34fb-49c0-bfab-8b62c8f19930,2024 Utah Marching Band,3b149010-9c3e-4ec0-b31b-6a12ac51a839,Nebo Tournament of Bands,2022-09-17T00:00:00,Payson High School,,e29c3921-27fb-48d1-9d68-07bf5f1be7ce,6A Scholastic,e29c3921-27fb-48d1-9d68-07bf5f1be7ce,http://recaps.competitionsuite.com/e29c3921-27fb-48d1-9d68-07bf5f1be7ce.htm,,3e98738a-bb0d-41a9-931e-0861690cd29a,West Jordan,,UT,64.938,2
6d7e8a01-34fb-49c0-bfab-8b62c8f19930,2024 Utah Marching Band,3b149010-9c3e-4ec0-b31b-6a12ac51a839,Nebo Tournament of Bands,2022-09-17T00:00:00,Payson High School,,e29c3921-27fb-48d1-9d68-07bf5f1be7ce,6A Scholastic,e29c3921-27fb-48d1-9d68-07bf5f1be7ce,http://recaps.competitionsuite.com/e29c3921-27fb-48d1-9d68-07bf5f1be7ce.htm,,18399db7-3902-493a-9b37-f91ce42e515e,Kearns,,UT,54.313,3
6d7e8a01-34fb-49c0-bfab-8b62c8f19930,2024 Utah Marching Band,3b149010-9c3e-4ec0-b31b-6a12ac51a839,Nebo Tournament of Bands,2022-09-17T00:00:00,Payson High School,,e2d59b49-1562-4867-9654-9cc68e7ceae4,6A Open,e2d59b49-1562-4867-9654-9cc68e7ceae4,http://recaps.competitionsuite.com/e2d59b49-1562-4867-9654-9cc68e7ceae4.htm,,d36bbf5f-7051-429f-868f-a67b0e0372cf,American Fork,,UT,86.525,1
6d7e8a01-34fb-49c0-bfab-8b62c8f19930,2024 Utah Marching Band,3b149010-9c3e-4ec0-b31b-6a12ac51a839,Nebo Tournament of Bands,2022-09-17T00:00:00,Payson High School,,e2d59b49-1562-4867-9654-9cc68e7ceae4,6A Open,e2d59b49-1562-4867-9654-9cc68e7ceae4,http://recaps.competitionsuite.com/e2d59b49-1562-4867-9654-9cc68e7ceae4.htm,,eac29053-752c-408f-af4a-e0b6d5565d22,Davis,,UT,81.763,2
6d7e8a01-34fb-49c0-bfab-8b62c8f19930,2024 Utah Marching Band,3b149010-9c3e-4ec0-b31b-6a12ac51a839,Nebo Tournament of Bands,2022-09-17T00:00:00,Payson High School,,e2d59b49-1562-4867-9654-9cc68e7ceae4,6A Open,e2d59b49-1562-4867-9654-9cc68e7ceae4,http://recaps.competitionsuite.com/e2d59b49-1562-4867-9654-9cc68e7ceae4.htm,,01591eff-8439-4778-9f33-1417f99fc860,Herriman,,UT,78.925,3
